Individual,PC1,PC2,PC3,PC4,Population
BOO001,-0.0052,-0.0166,-0.0032,0.0119,BolshoyOleniOstrov
BOO002,-0.0048,-0.0159,-0.004,0.007,BolshoyOleniOstrov
BOO003,-0.0048,-0.0164,-0.0042,0.0073,BolshoyOleniOstrov
BOO004,-0.005,-0.0152,-0.0037,0.0089,BolshoyOleniOstrov
BOO005,-0.0049,-0.0157,-0.0044,0.0061,BolshoyOleniOstrov
BOO006,-0.0097,-0.0174,-0.003,0.0171,BolshoyOleniOstrov
CHV001,0.0052,-0.0104,-0.005,0.0073,ChalmnyVarre
CHV002,0.0048,-0.0106,-0.005,0.0053,ChalmnyVarre
JK1963,-0.0052,-0.0098,-0.0032,0.0065,JK1963
JK1967,-0.0038,-0.0148,-0.0039,0.0022,JK1967
JK1968,0.0048,-0.0091,-0.0047,0.0036,Levanluhta
JK1970,0.0022,-0.0115,-0.0042,0.0094,Levanluhta
JK2065,0.0153,-0.0052,-0.0056,-0.0043,JK2065
JK2066,0.0061,-0.0019,-0.0042,0.0042,JK2066
JK2067,0.0017,0.0049,-0.0037,0.0347,JK2067
Saami001,0.0059,-0.0107,-0.0063,0.0078,ModernSaami
HG00171,0.0112,-0.0081,-0.0066,6e-4,Finnish
HG00174,0.0131,-0.006,-0.0057,-0.0024,Finnish
HG00190,0.0128,-0.0053,-0.0059,-1e-4,Finnish
HG00266,0.0122,-0.0067,-0.0059,-0.0016,Finnish
HG00183,0.0115,-0.0067,-0.0056,-8e-4,Finnish
HG00173,0.0121,-0.007,-0.0063,-0.0012,Finnish
HG00181,0.013,-0.0048,-0.004,0.001,Finnish
HG00182,0.0116,-0.0078,-0.0059,1e-4,Finnish
S_Saami-1.DG,0.0055,-0.0101,-0.0056,0.0038,Saami.DG
S_Saami-2.DG,0.0036,-0.0109,-0.0051,0.0093,Saami.DG
SD60_297,0.0057,-0.0099,-0.0055,0.0063,Saami_WGA
Nov_005,-0.0266,-0.0228,0.0019,0.0573,Nganasan
ADR00514,-0.0251,-0.0218,0.0012,0.052,Nganasan
ADR00513,-0.0263,-0.0229,0.0021,0.0604,Nganasan
ADR00509,-0.0256,-0.0209,0.0018,0.0563,Nganasan
ADR00512,-0.0258,-0.0225,0.0017,0.055,Nganasan
ADR00504,-0.0255,-0.0225,0.0017,0.0576,Nganasan
ADR00507,-0.0258,-0.0214,0.0022,0.0564,Nganasan
ADR00511,-0.0257,-0.0233,0.0017,0.0572,Nganasan
ADR00510,-0.0263,-0.0216,0.0018,0.0563,Nganasan
ADR00508,-0.0253,-0.022,0.0014,0.0535,Nganasan
ADR00515,-0.026,-0.0218,0.0015,0.0596,Nganasan
Mansi48,-0.0055,-0.0141,-0.0025,0.0149,Mansi
Mansi76,-0.0083,-0.0159,-0.0016,0.0211,Mansi
Mansi94,-0.0076,-0.0153,-0.0026,0.0191,Mansi
Mansi43,-0.0036,-0.0129,-0.003,0.0133,Mansi
Mansi79,-0.0085,-0.0142,-0.0023,0.019,Mansi
Mansi91,-0.0071,-0.0145,-0.0026,0.0203,Mansi
Mansi84,-0.0087,-0.0158,-0.0026,0.0197,Mansi
Mansi56,-0.0056,-0.0144,-0.0026,0.0153,Mansi
hungary3,0.0158,-0.0025,-0.0037,-0.0021,Hungarian
hungary6,0.0157,-0.0021,-0.0036,-0.0043,Hungarian
HungarianC5,0.0153,-0.0036,-0.0043,-0.0023,Hungarian
hungary7,0.0153,-0.003,-0.0043,-0.0037,Hungarian
HungarianE5,0.0153,-0.0037,-0.0039,-0.0038,Hungarian
HungarianH3,0.0158,-0.0026,-0.0042,-0.0041,Hungarian
hungary15,0.015,-0.0033,-0.0037,-0.0029,Hungarian
hungary20,0.0156,-0.0023,-0.0045,-0.0013,Hungarian
hungary2,0.0149,-0.0027,-0.0041,-0.0017,Hungarian
HungarianD1,0.0156,-0.0025,-0.003,-0.003,Hungarian
NA15202,0.0156,-0.0023,-0.0047,-0.0021,Hungarian
NA15203,0.0154,-0.0028,-0.0045,-0.0028,Hungarian
NA15204,0.0153,-0.0028,-0.0038,-0.0011,Hungarian
NA15205,0.0154,-0.003,-0.0044,-0.0027,Hungarian
NA15206,0.0156,-0.0021,-0.0041,-0.0019,Hungarian
NA15199,0.0159,-0.0032,-0.0043,6e-4,Hungarian
NA15207,0.0151,-0.0035,-0.0038,-0.0011,Hungarian
NA15200,0.0154,-0.0032,-0.0043,-0.0049,Hungarian
NA15208,0.0158,-0.0026,-0.0043,-0.0025,Hungarian
NA15201,0.0156,-0.0023,-0.0041,-0.003,Hungarian
Est393,0.0142,-0.0055,-0.0065,-0.004,Estonian
Est375,0.0147,-0.0052,-0.0068,-0.0032,Estonian
Est380,0.0134,-0.0071,-0.0066,-0.0012,Estonian
Est391,0.0144,-0.0053,-0.0069,-0.0038,Estonian
Est377,0.0145,-0.0057,-0.0069,-0.0039,Estonian
Est372,0.014,-0.0056,-0.0068,-0.0034,Estonian
Est358,0.0146,-0.0053,-0.0066,-0.0034,Estonian
Est400,0.0145,-0.0051,-0.0059,-0.0036,Estonian
Est397,0.0142,-0.0054,-0.0062,-0.0039,Estonian
Est394,0.0146,-0.006,-0.006,-0.0061,Estonian
Mordovians27,0.0114,-0.0061,-0.005,-0.0016,Mordovian
Mordovians28,0.0119,-0.006,-0.0052,-0.0021,Mordovian
Mordovians30,0.0116,-0.006,-0.0047,6e-4,Mordovian
Mordovians4,0.012,-0.0058,-0.0048,9e-4,Mordovian
Mordovians31,0.0123,-0.0053,-0.0052,-0.0023,Mordovian
Mordovians17,0.0128,-0.0052,-0.0053,-6e-4,Mordovian
Mordovians1,0.0124,-0.0057,-0.0048,-0.0011,Mordovian
Mordovians22,0.0121,-0.0065,-0.0051,-0.0012,Mordovian
Mordovians32,0.0115,-0.0054,-0.0054,-0.002,Mordovian
Mordovians5,0.0126,-0.0057,-0.0055,-0.002,Mordovian
Selkup38,-0.0135,-0.0173,-0.0015,0.0275,Selkup
Selkup83,-0.0184,-0.0169,-1e-4,0.0369,Selkup
Selkup87,-0.0215,-0.0179,0.0011,0.0409,Selkup
Selkup220,-0.0085,-0.0143,-0.0021,0.0208,Selkup
Selkup121,-0.0141,-0.0166,-0.0014,0.0293,Selkup
Selkup105,-2e-4,-0.0112,-0.0031,0.0103,Selkup
Selkup82,-0.0131,-0.0177,-0.0014,0.0266,Selkup
Selkup4,-0.0117,-0.017,-0.0016,0.0233,Selkup
Selkup21,-0.0097,-0.0159,-0.0021,0.0208,Selkup
Selkup4a,-0.017,-0.0171,-3e-4,0.0316,Selkup
ALB191,0.0164,-0.0012,-0.0015,-3e-4,Albanian
ALB213,0.0161,0,-0.001,-0.0025,Albanian
ALB202,0.0159,7e-4,-0.0012,-0.0023,Albanian
ALB212,0.0167,8e-4,-0.0011,-0.0013,Albanian
ALB220,0.0165,9e-4,-6e-4,-9e-4,Albanian
ALB230,0.0162,2e-4,-0.0015,-0.0024,Albanian
HGDP01357,0.0174,-6e-4,-0.0041,-0.0041,Basque
HGDP01358,0.017,-0.0012,-0.0044,-0.0013,Basque
HGDP01359,0.0169,-0.0012,-0.0046,-0.003,Basque
HGDP01360,0.0169,-0.0026,-0.0051,-0.0021,Basque
HGDP01362,0.0174,-9e-4,-0.0046,-0.0037,Basque
HGDP01363,0.0173,-0.0013,-0.0045,-0.0032,Basque
HGDP01364,0.0173,-0.0013,-0.0038,-0.0037,Basque
HGDP01365,0.0172,-0.0011,-0.0043,-0.0032,Basque
HGDP01366,0.0172,-0.0012,-0.0045,-0.0013,Basque
HGDP01367,0.017,-0.0014,-0.0048,-0.0051,Basque
HGDP01368,0.0172,-9e-4,-0.0042,-0.0048,Basque
HGDP01370,0.0172,-0.0016,-0.0044,-0.0051,Basque
HGDP01371,0.016,-0.0019,-0.0046,-0.0051,Basque
HGDP01373,0.0167,-0.0017,-0.0043,-0.0046,Basque
HGDP01374,0.0169,-0.0013,-0.0046,-0.003,Basque
HGDP01375,0.0172,-0.0018,-0.0042,-0.0042,Basque
HGDP01377,0.0174,-0.0011,-0.0045,-0.0026,Basque
HGDP01378,0.0176,-0.0016,-0.0044,-0.0047,Basque
HGDP01379,0.0171,-0.0019,-0.0044,-0.0034,Basque
HGDP01380,0.0173,-0.0015,-0.0044,-0.0046,Basque
BAS35,0.017,-0.0023,-0.0045,-0.0045,Basque
BAS31,0.0175,-0.0026,-0.0044,-0.0042,Basque
BAS22,0.017,-0.0012,-0.0046,-0.0042,Basque
BAS25,0.0172,-0.0013,-0.0046,-0.0045,Basque
BAS32,0.0179,-0.0018,-0.004,-0.0041,Basque
BAS30,0.0166,-0.0014,-0.0045,-0.0045,Basque
BAS28,0.0173,-0.0015,-0.0047,-0.0028,Basque
BAS27,0.0173,-0.0019,-0.0043,-0.0053,Basque
BAS33,0.0171,-0.0014,-0.0042,-0.0052,Basque
BulgarianD6,0.0157,-0.0014,-0.0026,-0.0026,Bulgarian
BulgarianA4,0.0157,-0.0012,-0.0028,-0.0031,Bulgarian
BulgarianE2,0.0162,-0.0014,-0.0023,-0.0051,Bulgarian
BulgarianB4,0.0155,-9e-4,-0.0019,-0.0021,Bulgarian
BulgarianA1,0.0159,-0.0013,-0.0017,-0.0027,Bulgarian
BulgarianB1,0.0165,-9e-4,-0.0023,-0.0026,Bulgarian
BulgarianC1,0.0163,-8e-4,-0.0014,-0.0011,Bulgarian
BulgarianF1,0.0156,-9e-4,-0.0024,-0.0019,Bulgarian
BulgarianH2,0.0163,5e-4,-0.0017,-0.0015,Bulgarian
BulgarianF2,0.016,-0.0012,-0.0024,3e-4,Bulgarian
NA17373,0.017,4e-4,-0.001,-0.0026,Greek
NA17374,0.0169,0.0042,0.0024,0.0011,Greek
NA17375,0.0158,0.0022,2e-4,-0.0016,Greek
NA17376,0.0167,0.0035,0.0016,-0.0011,Greek
NA17377,0.0165,4e-4,-0.0013,-4e-4,Greek
NA17372,0.0164,4e-4,0,1e-4,Greek
GREEKGRALPOP18,0.0168,2e-4,-0.0012,-0.0031,Greek
GREEKGRALPOP13,0.0165,4e-4,-7e-4,-0.0019,Greek
GREEKGRALPOP15,0.0162,4e-4,-0.0014,-0.0016,Greek
GREEKGRALPOP5,0.0159,0.0013,-0.001,-0.0035,Greek
GREEKGRALPOP9,0.0161,4e-4,-0.0013,-0.0019,Greek
GREEKGRALPOP4,0.0168,9e-4,-5e-4,-3e-4,Greek
GREEKGRALPOP17,0.0164,2e-4,-0.0013,-0.0025,Greek
GREEKGRALPOP16,0.0165,3e-4,-8e-4,-6e-4,Greek
GREEKGRALPOP11,0.0166,4e-4,-0.0011,-0.0025,Greek
GREEKGRALPOP10,0.0156,3e-4,-9e-4,-0.0017,Greek
GREEKGRALPOP3,0.0162,1e-4,-0.0013,-3e-4,Greek
GREEKGRALPOP8,0.0166,-2e-4,-0.0013,-0.002,Greek
GREEKGRALPOP12,0.0158,1e-4,-6e-4,-2e-4,Greek
GREEKGRALPOP14,0.0167,6e-4,-7e-4,-4e-4,Greek
CYP19,0.0166,0.0036,0.0025,0.0015,Cypriot
CYP5,0.0165,0.0033,0.003,3e-4,Cypriot
Cyprus13AJ19,0.0164,0.0025,0.0018,0.001,Cypriot
Cyprus24AJ19,0.0168,0.0038,0.0028,9e-4,Cypriot
CYP2,0.0166,0.0036,0.0026,0.0017,Cypriot
Cyprus2AJ19,0.0167,0.0051,0.0046,-1e-4,Cypriot
Cyprus22AJ19,0.0167,0.004,0.0026,3e-4,Cypriot
Cyprus21AJ19,0.0163,0.0039,0.0036,0.0016,Cypriot
CRO53,0.0161,-0.0027,-0.0037,-0.0035,Croatian
CRO103,0.0166,-0.002,-0.0035,-0.004,Croatian
CRO107,0.0162,-0.0022,-0.0036,-0.0017,Croatian
CRO47,0.0155,-0.0026,-0.0042,-0.003,Croatian
CRO41,0.0162,-0.0034,-0.0035,-0.0023,Croatian
CRO66,0.015,-0.0016,-0.003,-0.0046,Croatian
CRO153,0.0161,-0.0025,-0.0033,-0.0016,Croatian
CRO31,0.0159,-0.0016,-0.0037,-0.0029,Croatian
CRO93,0.0157,-0.0024,-0.0036,-0.0024,Croatian
CRO48,0.0161,-0.0022,-0.0036,-0.0029,Croatian
HGDP01147,0.0174,-8e-4,-0.0024,-0.0016,Italian_North
HGDP01151,0.0168,-6e-4,-0.0026,-0.0024,Italian_North
HGDP01152,0.017,-2e-4,-0.0018,-0.0036,Italian_North
HGDP01153,0.017,2e-4,-0.0021,-0.0019,Italian_North
HGDP01155,0.0168,-2e-4,-0.0017,-0.0026,Italian_North
HGDP01156,0.0171,1e-4,-0.0019,-0.0032,Italian_North
HGDP01157,0.0166,-2e-4,-0.0023,-0.0031,Italian_North
HGDP01161,0.0171,7e-4,-0.001,-0.0019,Italian_North
HGDP01162,0.017,0.0014,-0.0011,-0.0042,Italian_North
HGDP01163,0.0167,6e-4,-0.0011,-0.0026,Italian_North
HGDP01164,0.0171,9e-4,-0.0012,-0.0016,Italian_North
HGDP01166,0.0171,8e-4,-0.0014,9e-4,Italian_North
HGDP01167,0.0161,6e-4,-0.001,-0.0012,Italian_North
HGDP01168,0.0168,9e-4,-0.0013,-0.0035,Italian_North
HGDP01169,0.017,0.0013,-0.0011,-0.001,Italian_North
HGDP01171,0.0171,2e-4,-0.0019,-0.0027,Italian_North
HGDP01172,0.0164,2e-4,-0.0018,-0.0027,Italian_North
HGDP01173,0.0166,4e-4,-0.0024,-0.0039,Italian_North
HGDP01174,0.0172,4e-4,-0.0016,-0.0017,Italian_North
HGDP01177,0.0169,4e-4,-0.0024,-0.0025,Italian_North
BEL57,0.0168,0.0025,8e-4,-0.0033,Italian_South
Malta4AM91,0.0162,0.0024,9e-4,-0.002,Maltese
Malta8AM91,0.017,0.0023,0.001,-4e-4,Maltese
Malta7AM91,0.0169,0.0014,0.0019,-0.0026,Maltese
Malta17AM91,0.016,0.0028,0.0012,-3e-4,Maltese
Malta2AM91,0.0164,0.003,0.0018,1e-4,Maltese
Malta16AM91,0.0163,0.0033,0.0019,-2e-4,Maltese
Malta15AM91,0.0163,0.0027,0.0012,2e-4,Maltese
Malta12AM91,0.017,0.0025,0.0014,-0.0021,Maltese
HG01695,0.0162,0.0017,-6e-4,-0.0026,Canary_Islander
HG01694,0.0169,0.001,-3e-4,-0.0024,Canary_Islander
HGDP00666,0.0184,0.0019,-0.0011,-0.0017,Sardinian
HGDP00667,0.0177,0.0013,-0.0017,-0.0043,Sardinian
HGDP00668,0.0182,0.0016,-0.0013,-8e-4,Sardinian
HGDP00669,0.0181,0.0031,-0.0014,-0.0023,Sardinian
HGDP00670,0.0182,0.0023,-0.0012,-0.0034,Sardinian
HGDP00671,0.0184,0.0023,-0.0016,-0.0039,Sardinian
HGDP00672,0.0178,0.0023,-0.001,-0.0029,Sardinian
HGDP00673,0.0179,0.002,-8e-4,-0.0036,Sardinian
HGDP00674,0.0181,0.0019,-0.0015,-0.0024,Sardinian
HGDP01062,0.0184,0.003,-0.0012,-0.0024,Sardinian
HGDP01063,0.0186,0.0026,-0.0013,-0.003,Sardinian
HGDP01064,0.0182,0.0025,-0.0011,-0.0024,Sardinian
HGDP01065,0.0186,0.0024,-0.0016,-0.002,Sardinian
HGDP01066,0.0187,0.0026,-0.0014,-0.0015,Sardinian
HGDP01067,0.0176,0.0031,-9e-4,-0.0023,Sardinian
HGDP01068,0.0182,0.0025,-8e-4,-0.0036,Sardinian
HGDP01069,0.0179,0.0024,-0.0015,-0.0034,Sardinian
HGDP01070,0.0183,0.0023,-0.0011,-0.0024,Sardinian
HGDP01071,0.0176,0.002,-0.001,-0.001,Sardinian
HGDP01072,0.0178,0.0024,-9e-4,-0.0013,Sardinian
HGDP01073,0.0184,0.0021,-0.0011,-0.0015,Sardinian
HGDP01074,0.0182,0.0023,-0.0013,1e-4,Sardinian
HGDP01075,0.0186,0.0023,-9e-4,-0.001,Sardinian
HGDP01076,0.0186,0.002,-0.0011,-0.002,Sardinian
HGDP01077,0.0184,0.0015,-0.0012,-0.0022,Sardinian
HGDP01078,0.018,0.0016,-0.0013,-0.0014,Sardinian
HGDP01079,0.0179,0.0016,-0.0014,-0.0026,Sardinian
TP08,0.0161,0.0013,5e-4,-0.001,Sicilian
SR23,0.0163,0.0018,4e-4,-0.0014,Sicilian
TP05,0.0164,0.0018,0.0012,-0.0031,Sicilian
SR60,0.0167,0.002,0.0012,-0.0018,Sicilian
TP06,0.017,0.0023,2e-4,-0.0022,Sicilian
TP07,0.0165,0.0028,0.0013,0.0011,Sicilian
TP04,0.0168,0.0014,2e-4,-9e-4,Sicilian
TP25,0.0161,0.0033,3e-4,-0.0018,Sicilian
SR48R,0.0158,0.0021,8e-4,-0.0036,Sicilian
SR44,0.0166,0.0017,8e-4,-0.0029,Sicilian
SR64,0.0166,0.0022,7e-4,-0.0022,Sicilian
HG01500,0.0163,7e-4,-0.0021,5e-4,Spanish
HG01501,0.0164,4e-4,-0.0019,-0.0053,Spanish
HG01503,0.0168,-0.0011,-0.0025,-0.0018,Spanish
HG01504,0.0165,0.0011,-0.002,-0.0026,Spanish
HG01506,0.0168,-4e-4,-0.0023,-0.0053,Spanish
HG01507,0.0165,-6e-4,-0.0026,-0.0035,Spanish
HG01509,0.0173,5e-4,-0.0015,-0.0032,Spanish
HG01510,0.0169,-1e-4,-0.0024,-0.0053,Spanish
HG01512,0.0169,-0.0016,-0.0032,-0.005,Spanish
HG01513,0.0171,-9e-4,-0.0032,-0.0031,Spanish
HG01524,0.0167,5e-4,-0.0022,-0.003,Spanish
HG01527,0.0167,0,-0.0014,-0.002,Spanish
HG01528,0.0167,-2e-4,-0.0022,-0.0029,Spanish
HG01530,0.0163,0,-0.0025,-0.0013,Spanish
HG01536,0.0165,-0.0011,-0.003,-0.0025,Spanish
HG01537,0.0168,-0.0013,-0.0026,-0.0055,Spanish
HG01605,0.0163,-7e-4,-0.0027,-0.0045,Spanish
HG01606,0.0169,-6e-4,-0.003,-0.0041,Spanish
HG01607,0.0165,2e-4,-0.0021,-0.0028,Spanish
HG01608,0.0163,-3e-4,-0.0025,-0.0055,Spanish
HG01613,0.0167,-5e-4,-0.0028,-0.0019,Spanish
HG01615,0.0166,-1e-4,-0.0027,-0.0022,Spanish
HG01617,0.0161,5e-4,-0.0023,-0.0033,Spanish
HG01618,0.0159,-2e-4,-0.0024,-8e-4,Spanish
HG01619,0.0172,4e-4,-0.002,-0.0039,Spanish
HG01620,0.0165,0,-0.002,-0.002,Spanish
HG01623,0.0169,-3e-4,-0.002,-0.0037,Spanish
HG01624,0.0165,7e-4,-0.0019,-0.0018,Spanish
HG01625,0.0168,-5e-4,-0.0025,-0.0024,Spanish
HG01626,0.0162,0.001,-9e-4,-0.0024,Spanish
HG01747,0.0168,-5e-4,-0.0026,-0.0048,Spanish
HG01746,0.0168,-3e-4,-0.0028,-0.0048,Spanish
HG01675,0.0167,-7e-4,-0.0028,-0.0019,Spanish
HG01680,0.0167,-8e-4,-0.0029,-0.0056,Spanish
HG01682,0.017,-6e-4,-0.0033,-7e-4,Spanish
HG01679,0.0169,-8e-4,-0.0027,-0.0024,Spanish
HG01676,0.0171,-4e-4,-0.0035,-0.0038,Spanish
HG01684,0.0167,-8e-4,-0.003,-0.002,Spanish
HG01705,0.0167,4e-4,-0.0022,-4e-4,Spanish
HG01707,0.0165,5e-4,-0.0025,-0.0029,Spanish
HG01685,0.0167,1e-4,-0.0018,-0.0037,Spanish
HG01686,0.0166,-0.001,-0.0025,-0.0035,Spanish
HG01704,0.0162,8e-4,-0.0014,-0.0036,Spanish
HG01673,0.0168,-4e-4,-0.0026,-0.004,Spanish
HG01761,0.0172,-5e-4,-0.0027,-0.0056,Spanish
HG01770,0.0167,-1e-4,-0.0025,-0.0024,Spanish
HG01762,0.0171,-0.0011,-0.0032,-0.0035,Spanish
HG01773,0.0168,-9e-4,-0.0028,-0.0046,Spanish
HG02220,0.0164,-0.001,-0.0026,-0.0037,Spanish
HG02238,0.0173,-4e-4,-0.0025,-0.0028,Spanish
HG01678,0.0165,1e-4,-0.0028,-0.0033,Spanish
HG01699,0.0166,7e-4,-0.0019,-0.0032,Spanish
HG01697,0.0164,-2e-4,-0.0017,-0.0031,Spanish
HG01515,0.0169,-0.0016,-0.0038,-0.0018,Spanish_North
HG01516,0.0173,-0.0013,-0.0043,-0.0021,Spanish_North
HG01518,0.0171,-0.0011,-0.0043,-0.0028,Spanish_North
HG01700,0.0165,-0.0018,-0.0041,-0.0042,Spanish_North
HG01702,0.0171,-0.0016,-0.0042,-0.0027,Spanish_North
bel43s,0.0151,-0.0045,-0.0058,-0.0029,Belarusian
bel30s,0.0152,-0.0046,-0.0056,-0.0033,Belarusian
bel72c,0.0146,-0.0044,-0.0052,-0.0024,Belarusian
bel93c,0.0147,-0.0043,-0.0058,-0.0041,Belarusian
bel110c,0.0149,-0.004,-0.0056,-0.0021,Belarusian
bel8s,0.0148,-0.0038,-0.005,-0.0036,Belarusian
belarusian23vp,0.0144,-0.0047,-0.0052,-0.0013,Belarusian
bel23s,0.0148,-0.0045,-0.0061,-0.0042,Belarusian
belarusian47zp,0.0151,-0.0043,-0.0056,-0.0042,Belarusian
bel82s,0.0153,-0.0049,-0.0055,-0.0028,Belarusian
NA15725,0.0156,-0.0038,-0.0047,-0.0059,Czech
NA15733,0.0149,-0.0034,-0.0049,-0.004,Czech
NA15726,0.0161,-0.0034,-0.0046,-0.0026,Czech
NA15727,0.0156,-0.0036,-0.0047,-0.0039,Czech
NA15728,0.0161,-0.0036,-0.0046,-0.0019,Czech
NA15729,0.016,-0.0039,-0.0045,-0.0047,Czech
NA15730,0.0157,-0.003,-0.0044,-0.0019,Czech
NA15731,0.0154,-0.0035,-0.005,-0.0051,Czech
NA15724,0.0157,-0.0031,-0.005,-0.0044,Czech
NA15732,0.0157,-0.004,-0.0051,-0.004,Czech
HG00128,0.0168,-0.0031,-0.0047,-0.0048,English
HG00129,0.0161,-0.0039,-0.005,-0.0023,English
HG00130,0.0161,-0.0024,-0.0045,-7e-4,English
HG00131,0.0161,-0.0027,-0.0044,-0.004,English
HG00233,0.0164,-0.0031,-0.0047,-0.0042,English
HG00234,0.0161,-0.0032,-0.0049,-0.0022,English
HG00232,0.0165,-0.0036,-0.0043,-0.0054,English
HG00231,0.0157,-0.0033,-0.0044,-0.0044,English
HG00126,0.0167,-0.0035,-0.0049,-0.0027,English
HG00160,0.0162,-0.0039,-0.0049,-0.0048,English
HGDP00511,0.0167,-0.0026,-0.0039,-0.0045,French
HGDP00512,0.0162,-0.0017,-0.0034,-0.0023,French
HGDP00513,0.016,-0.0018,-0.0036,-0.0026,French
HGDP00514,0.016,-0.0023,-0.0041,-0.0023,French
HGDP00515,0.0162,-0.0024,-0.0043,-0.0023,French
HGDP00516,0.0164,-0.0019,-0.0033,-0.0037,French
HGDP00517,0.0162,-0.0021,-0.0039,-0.0013,French
HGDP00518,0.0161,-0.0021,-0.004,-0.0035,French
HGDP00519,0.0161,-0.0037,-0.0045,-0.0045,French
HGDP00522,0.0163,-0.0012,-0.0038,-0.0016,French
HGDP00523,0.0156,-0.0026,-0.0046,-0.0039,French
HGDP00524,0.0166,-0.0012,-0.0036,-0.0022,French
HGDP00525,0.0162,-0.0017,-0.0035,-0.0041,French
HGDP00526,0.0161,-0.0019,-0.004,-0.004,French
HGDP00527,0.0157,-0.0026,-0.004,-0.0049,French
HGDP00528,0.016,-0.0017,-0.004,-0.0016,French
HGDP00529,0.0163,-0.0014,-0.0037,-0.0016,French
HGDP00531,0.0169,-0.0012,-0.0039,-0.0019,French
HGDP00533,0.0156,-0.0034,-0.0049,-0.0029,French
HGDP00534,0.0161,-0.0014,-0.004,-0.0033,French
HGDP00535,0.0161,-0.0031,-0.0045,-0.0015,French
HGDP00536,0.0164,-5e-4,-0.0029,-0.0021,French
HGDP00537,0.0165,-0.0022,-0.0034,-0.0021,French
HGDP00538,0.0164,-0.002,-0.0035,-0.0041,French
HGDP00539,0.0167,-0.0015,-0.0035,-0.0018,French
SouthFrench3326,0.0163,-0.0019,-0.0042,-0.0034,French
SouthFrench3947,0.0169,-0.0021,-0.0037,-0.0012,French
SouthFrench1323,0.0165,-0.0018,-0.0041,-0.0054,French
SouthFrench3951,0.0169,-0.001,-0.0036,-0.0041,French
SouthFrench3068,0.0172,-0.0018,-0.0039,-0.0054,French
SouthFrench1112,0.0168,-8e-4,-0.0036,-0.0048,French
SouthFrench4018,0.0165,-9e-4,-0.004,-0.0042,French
NA15762,0.016,-0.0041,-0.0055,-0.0048,Icelandic
NA15755,0.0158,-0.0042,-0.006,-0.0021,Icelandic
NA15763,0.0154,-0.0043,-0.0055,-0.0022,Icelandic
NA15756,0.0159,-0.0044,-0.0053,-0.003,Icelandic
NA15764,0.0159,-0.0036,-0.005,-8e-4,Icelandic
NA15757,0.0159,-0.0033,-0.0052,-0.0042,Icelandic
NA15765,0.0155,-0.0038,-0.0058,-0.0044,Icelandic
NA15758,0.0156,-0.0042,-0.0051,-0.0033,Icelandic
NA15766,0.0157,-0.0039,-0.0054,-0.0047,Icelandic
NA15759,0.0163,-0.0039,-0.0056,-0.0021,Icelandic
NA15760,0.0158,-0.0043,-0.0055,-0.0027,Icelandic
NA15761,0.0152,-0.0042,-0.0057,-0.0056,Icelandic
LithuanianF1,0.0152,-0.0057,-0.0071,-0.0031,Lithuanian
lithuania3,0.0154,-0.0052,-0.0062,-0.0042,Lithuanian
lithuania10,0.0144,-0.0053,-0.0071,-0.0042,Lithuanian
lithuania9,0.0152,-0.0063,-0.0065,-0.0056,Lithuanian
LithuanianA1,0.0152,-0.0055,-0.0068,-0.0023,Lithuanian
LithuanianE2,0.0151,-0.0051,-0.0063,-0.0028,Lithuanian
lithuania1,0.0151,-0.0054,-0.0063,-0.0043,Lithuanian
lithuania8,0.0151,-0.0049,-0.0065,-0.0032,Lithuanian
lithuania2,0.0157,-0.006,-0.0068,-0.0048,Lithuanian
LithuanianD1,0.0159,-0.005,-0.0063,-0.0055,Lithuanian
NOR119,0.0154,-0.0041,-0.0051,-0.0043,Norwegian
NOR124,0.0156,-0.0038,-0.0051,-0.0036,Norwegian
NOR106,0.0154,-0.0041,-0.0047,-0.0027,Norwegian
NOR101,0.0149,-0.0037,-0.005,-0.0035,Norwegian
NOR146,0.0153,-0.0047,-0.0051,-0.0039,Norwegian
NOR108,0.0156,-0.0039,-0.0055,-0.0018,Norwegian
NOR126,0.0156,-0.0039,-0.0054,-0.005,Norwegian
NOR107,0.0153,-0.0042,-0.0056,-0.0017,Norwegian
NOR109,0.0164,-0.0043,-0.0057,-0.0032,Norwegian
NOR148,0.0151,-0.0047,-0.0057,-0.0035,Norwegian
NOR111,0.0163,-0.0038,-0.0054,-0.0054,Norwegian
HGDP00794,0.0155,-0.0034,-0.005,-0.0051,Orcadian
HGDP00796,0.0154,-0.0034,-0.0049,-0.0028,Orcadian
HGDP00797,0.016,-0.0041,-0.0049,-0.0035,Orcadian
HGDP00798,0.016,-0.0036,-0.0048,-0.0033,Orcadian
HGDP00799,0.0161,-0.0042,-0.0053,-0.0043,Orcadian
HGDP00800,0.0156,-0.0033,-0.0051,-0.0041,Orcadian
HGDP00802,0.0159,-0.0046,-0.0052,-0.0034,Orcadian
HGDP00803,0.0161,-0.0032,-0.0049,-0.0043,Orcadian
HGDP00805,0.0157,-0.0033,-0.0054,-0.0033,Orcadian
HGDP00806,0.0165,-0.0039,-0.005,-0.0019,Orcadian
HGDP00807,0.0157,-0.0028,-0.0054,-0.0035,Orcadian
HGDP00808,0.0155,-0.0031,-0.0052,-0.0065,Orcadian
HGDP00810,0.0163,-0.0033,-0.0049,-0.0039,Orcadian
HGDP00879,0.0119,-0.0064,-0.0054,-0.0017,Russian
HGDP00880,0.0122,-0.006,-0.0054,-0.0015,Russian
HGDP00882,0.011,-0.0064,-0.0054,-0.0016,Russian
HGDP00883,0.0115,-0.0074,-0.0058,0,Russian
HGDP00884,0.013,-0.0062,-0.0053,-0.0029,Russian
HGDP00887,0.0118,-0.0062,-0.0052,-0.002,Russian
HGDP00888,0.0126,-0.0057,-0.0052,8e-4,Russian
HGDP00889,0.0124,-0.0064,-0.0054,-3e-4,Russian
HGDP00890,0.0118,-0.0068,-0.0057,-0.0016,Russian
HGDP00891,0.0115,-0.0064,-0.0053,0.001,Russian
HGDP00892,0.0121,-0.0057,-0.006,-8e-4,Russian
HGDP00893,0.0113,-0.0066,-0.0056,-9e-4,Russian
HGDP00894,0.0111,-0.0061,-0.0052,0.001,Russian
HGDP00895,0.0104,-0.007,-0.0056,-9e-4,Russian
HGDP00896,0.0115,-0.0064,-0.0051,0.001,Russian
HGDP00897,0.0119,-0.0065,-0.0053,-0.0013,Russian
HGDP00898,0.0108,-0.0066,-0.0056,-1e-4,Russian
HGDP00899,0.012,-0.0058,-0.0052,4e-4,Russian
HGDP00900,0.013,-0.0059,-0.0053,-0.0027,Russian
HGDP00901,0.0113,-0.0066,-0.0054,0.0025,Russian
HGDP00902,0.0118,-0.0053,-0.0054,-0.001,Russian
HGDP00903,0.012,-0.0062,-0.0056,-0.0013,Russian
HG00103,0.0158,-0.003,-0.0052,-0.0027,Scottish
HG00104,0.0156,-0.0042,-0.0045,-0.0023,Scottish
HG00105,0.0158,-0.0032,-0.0052,-0.0024,Scottish
HG00106,0.0155,-0.0042,-0.0051,-0.0057,Scottish
UkrBel618,0.0152,-0.0047,-0.0055,-0.0064,Ukrainian
UkrLv240,0.0159,-0.003,-0.0042,-2e-4,Ukrainian
UkrBel620,0.0152,-0.0037,-0.005,-9e-4,Ukrainian
UkrBel622,0.0146,-0.0045,-0.005,-0.0028,Ukrainian
UkrBel733,0.0151,-0.004,-0.0054,-0.0021,Ukrainian
UkrBel736,0.0145,-0.0041,-0.0049,-0.0019,Ukrainian
UkrLv228,0.0145,-0.0043,-0.0046,-0.0022,Ukrainian
UkrBel614,0.0146,-0.0043,-0.0053,-0.0033,Ukrainian
UkrLv237,0.0155,-0.0031,-0.005,-0.0023,Ukrainian
abh27,0.0151,0.0015,0.0017,0.0017,Abkhasian
abh107,0.0145,0.002,0.0019,0.0019,Abkhasian
abh41,0.0144,0.0018,0.0016,0.0038,Abkhasian
abh119,0.0148,0.0018,0.0021,8e-4,Abkhasian
abh122,0.0146,0.0021,0.0017,0.002,Abkhasian
abh133,0.015,0.0023,0.0018,3e-4,Abkhasian
abh147,0.0153,0.0014,0.002,6e-4,Abkhasian
abh154,0.0151,0.0026,0.0024,0.0013,Abkhasian
abh24,0.015,0.0029,0.0028,0.0013,Abkhasian
HGDP01381,0.0119,-5e-4,4e-4,0.0037,Adygei
HGDP01382,0.0145,7e-4,4e-4,0.0016,Adygei
HGDP01383,0.014,9e-4,6e-4,8e-4,Adygei
HGDP01385,0.0128,6e-4,3e-4,0.0011,Adygei
HGDP01386,0.0136,0.001,7e-4,4e-4,Adygei
HGDP01387,0.014,1e-4,6e-4,0.0015,Adygei
HGDP01396,0.0118,-0.0011,-7e-4,0.0017,Adygei
HGDP01397,0.0123,-7e-4,4e-4,0.0047,Adygei
HGDP01398,0.0141,0.0016,0.0011,2e-4,Adygei
HGDP01399,0.0139,6e-4,8e-4,0.0013,Adygei
HGDP01400,0.0134,-2e-4,0.001,0.0056,Adygei
HGDP01401,0.0133,9e-4,7e-4,0.001,Adygei
HGDP01402,0.0134,2e-4,0,0.001,Adygei
HGDP01403,0.0144,4e-4,7e-4,4e-4,Adygei
HGDP01404,0.0115,0,0.0011,0.0034,Adygei
NA13626,0.0123,4e-4,5e-4,7e-4,Adygei
armenia176,0.0159,0.0032,0.0031,0.0022,Armenian
armenia191,0.0158,0.0033,0.0025,0.0051,Armenian
armenia86,0.016,0.0024,0.0026,-0.0014,Armenian
armenia279,0.0163,0.0045,0.0036,0.0022,Armenian
armenia91,0.0157,0.0035,0.0035,0.0019,Armenian
armenia293,0.0155,0.0035,0.0029,0.0021,Armenian
armenia102,0.0153,0.0026,0.0025,5e-4,Armenian
armenia106,0.0153,0.0033,0.0025,0.0012,Armenian
armenia139,0.0163,0.0043,0.0034,0.0023,Armenian
armenia162,0.0161,0.0035,0.0032,2e-4,Armenian
ch126,0.0135,2e-4,5e-4,-3e-4,Chechen
ch16,0.0133,-4e-4,7e-4,0.0027,Chechen
ch174,0.0139,-0.001,1e-4,7e-4,Chechen
ch179,0.0138,2e-4,5e-4,0.0019,Chechen
ch193,0.014,5e-4,9e-4,0.0022,Chechen
ch21,0.013,-7e-4,2e-4,7e-4,Chechen
ch3,0.0137,-5e-4,9e-4,8e-4,Chechen
ch113,0.0133,1e-4,4e-4,1e-4,Chechen
ch31,0.0143,2e-4,1e-4,0.0017,Chechen
Avar.SG,0.0141,-0.0016,0,5e-4,Avar.SG
lez38,0.0134,-1e-4,9e-4,0.0015,Lezgin
lez40,0.0138,-8e-4,3e-4,6e-4,Lezgin
lez49,0.0142,0,2e-4,0.0012,Lezgin
lez31,0.0133,-4e-4,2e-4,-6e-4,Lezgin
lez7,0.0139,4e-4,6e-4,0,Lezgin
lez33,0.0143,-0.0012,1e-4,0.0013,Lezgin
lez9,0.0134,-0.001,1e-4,-1e-4,Lezgin
lez36,0.0137,-4e-4,8e-4,0.0012,Lezgin
lez37,0.0137,-3e-4,4e-4,0.0018,Lezgin
kumyks44,0.0123,5e-4,0.001,0.0025,Kumyk
kumyks93,0.0123,6e-4,5e-4,0.0015,Kumyk
kumyks98,0.0134,-3e-4,7e-4,0.0028,Kumyk
kumyks90,0.0131,-8e-4,-1e-4,6e-4,Kumyk
kumyks40,0.0151,9e-4,0.0013,7e-4,Kumyk
kumyks94,0.0121,8e-4,0.001,-3e-4,Kumyk
kumyks41,0.012,-7e-4,3e-4,0.0026,Kumyk
kumyks97,0.0124,-9e-4,3e-4,0.0017,Kumyk
S_North_Ossetian-1.DG,0.0123,4e-4,8e-4,0.0053,North_Ossetian.DG
S_North_Ossetian-2.DG,0.0124,1e-4,0.0011,0.003,North_Ossetian.DG
KRD_010,0.0156,0.008,0.008,-0.0015,Kurd_WGA
KRD_011,0.0156,0.0083,0.0084,-0.0029,Kurd_WGA
Baku01,0.0141,0.0032,0.003,-1e-4,Azeri_WGA
Baku02,0.0143,0.0029,0.0036,0.0012,Azeri_WGA
Baku03,0.014,0.0037,0.0038,0.0019,Azeri_WGA
bal102,0.0122,1e-4,4e-4,0.0015,Balkar
bal64,0.0107,4e-4,6e-4,0.0034,Balkar
bal124,0.0128,2e-4,6e-4,0.0014,Balkar
bal97,0.0114,6e-4,0.0011,0.0026,Balkar
bal136,0.0122,8e-4,5e-4,4e-4,Balkar
bal22,0.012,7e-4,5e-4,6e-4,Balkar
bal41,0.0119,5e-4,6e-4,0.0019,Balkar
bal42,0.0115,-2e-4,5e-4,0.0041,Balkar
bal45,0.0126,3e-4,7e-4,5e-4,Balkar
bal50,0.0131,-2e-4,4e-4,0.0033,Balkar
kalmyk11,-0.0192,-0.0037,1e-4,0.0214,Kalmyk
kalmyk32,-0.0193,-0.0034,1e-4,0.0207,Kalmyk
kalmyk9,-0.0183,-0.0033,0,0.0193,Kalmyk
kalmyk14,-0.0203,-0.0022,-1e-4,0.0213,Kalmyk
kalmyk67,-0.0195,-0.0039,-2e-4,0.022,Kalmyk
kalmyk13,-0.0201,-0.0046,2e-4,0.0232,Kalmyk
kalmyk39,-0.0211,-0.0049,4e-4,0.0239,Kalmyk
kalmyk55,-0.0203,-0.0017,-3e-4,0.0237,Kalmyk
kalmyk22,-0.0198,-0.0025,1e-4,0.0227,Kalmyk
kalmyk44,-0.0195,-0.0033,-1e-4,0.0222,Kalmyk
Bishkek28452,-0.0134,-0.003,0,0.0137,Kyrgyz
Bishkek28442,-0.0142,-0.0026,-4e-4,0.0159,Kyrgyz
Bishkek28443,-0.014,-0.0021,-4e-4,0.0186,Kyrgyz
Bishkek28445,-0.0141,-0.0034,2e-4,0.0171,Kyrgyz
Bishkek28451,-0.0141,-0.0038,-6e-4,0.0192,Kyrgyz
Bishkek28449,-0.0146,-0.0023,-3e-4,0.0139,Kyrgyz
Bishkek28456,-0.0131,-0.0027,-4e-4,0.0138,Kyrgyz
Bishkek28446,-0.0126,-0.0021,-5e-4,0.0162,Kyrgyz
Bishkek28454,-0.015,-0.0033,0,0.0169,Kyrgyz
nogay42,0.0066,-0.001,-2e-4,0.0018,Nogai
nogay35,0.0035,-0.0012,-5e-4,0.0061,Nogai
nogay34,0.0072,8e-4,0,0.0027,Nogai
nogay24,0.0034,-0.001,-1e-4,0.0078,Nogai
nogay25,5e-4,-0.0019,-4e-4,0.0083,Nogai
nogay33,0.0052,-0.0014,-6e-4,0.0065,Nogai
nogay44,0.0055,-6e-4,3e-4,0.009,Nogai
nogay45,0.0064,-0.0016,-7e-4,0.0059,Nogai
nogay46,0.0046,-0.0013,-2e-4,0.0058,Nogai
tdj508_rushan,0.0087,-0.0016,-6e-4,0.0035,Tajik
tdj126_shugnan,0.0097,-0.0012,-8e-4,0.0016,Tajik
tdj868_rushan,0.0099,-0.0022,-5e-4,-7e-4,Tajik
tdj252_ishkashim,0.0073,-0.0015,-3e-4,0.0018,Tajik
tdj979_shugnan,0.0097,-0.0017,-6e-4,-5e-4,Tajik
tdj255_ishkashim,0.0083,1e-4,-1e-4,-0.0022,Tajik
tdj269_ishkashim,0.0081,-0.001,-8e-4,0.0028,Tajik
tdj305_shugnan,0.0088,-0.0026,-0.0011,-0.0021,Tajik
Kayseri24392,0.0131,0.0024,0.0017,-0.0015,Turkish
Turkish7BA57,0.0118,7e-4,7e-4,0.0012,Turkish
Turkish8BA62,0.0117,-1e-4,-3e-4,0.002,Turkish
Istanbul20010,0.0129,0.0024,0.0022,0.0015,Turkish
Turkish4BA57,0.0107,4e-4,0.0011,0.003,Turkish
Adana23114,0.0136,0.0016,0.0024,0.001,Turkish
Trabzon21177,0.0161,0.0029,0.0031,-9e-4,Turkish
Aydin18784,0.0103,0.001,0.0013,0.0032,Turkish
Istanbul19810,0.013,0.0024,0.0011,5e-4,Turkish
Trabzon21557,0.0162,0.0033,0.003,0.0015,Turkish
Trabzon21534,0.0155,0.0034,0.0025,0.0013,Turkish
Turkish9BA57,0.011,0.0014,0.0016,0.0028,Turkish
Kayseri24075,0.014,0.0026,0.0021,0.0017,Turkish
Adana23108,0.0161,0.0045,0.0041,0.0013,Turkish
Kayseri24266,0.0128,0.0018,0.0017,0.0029,Turkish
Istanbul25095,0.0126,-7e-4,-0.0018,2e-4,Turkish
Aydin18112,0.0106,0.0016,0.0016,0.0042,Turkish
Kayseri24402,0.0129,0.0018,0.0014,0.0034,Turkish
Istanbul25081,0.0126,9e-4,9e-4,-2e-4,Turkish
Aydin18596,0.0089,9e-4,8e-4,0.0051,Turkish
Istanbul17778,0.0112,0.0013,0.0018,0.0041,Turkish
Istanbul15781,0.0142,-2e-4,-3e-4,-0.0022,Turkish
Adana23136,0.0167,0.0042,0.0038,3e-4,Turkish
Adana23113,0.0142,0.0018,0.0025,0,Turkish
Trabzon21575,0.0151,0.0033,0.0025,0.0027,Turkish
Aydin18636,0.0113,8e-4,0.0015,0.0047,Turkish
Istanbul20040,0.0135,0.0023,0.0026,0.0014,Turkish
Adana23144,0.0095,0.0018,0.0023,0.0039,Turkish
Kayseri23967,0.0124,0.0015,0.0019,0.0043,Turkish
Trabzon21174,0.016,0.0024,0.0024,-0.0013,Turkish
Aydin18873,0.0114,-1e-4,0.001,0.0012,Turkish
Kayseri23892,0.0124,0.002,0.0022,5e-4,Turkish
Istanbul19185,0.0123,0.0015,0.0012,0.0018,Turkish
Istanbul25098,0.0155,-6e-4,-0.0019,-0.0019,Turkish
Adana23133,0.0132,0.0021,0.0026,0.0024,Turkish
Trabzon21515,0.0169,0.0035,0.0023,0.001,Turkish
Kayseri24032,0.0126,0.0018,0.0023,0.0035,Turkish
Kayseri23549,0.0121,0.0022,0.0023,0.0032,Turkish
Trabzon21544,0.0165,0.0029,0.0027,8e-4,Turkish
Adana23150,0.0129,3e-4,0.001,7e-4,Turkish
Kayseri23271,0.0145,0.0028,0.0022,0.0022,Turkish
Trabzon21645,0.0157,0.0027,0.0022,1e-4,Turkish
Adana23147,0.0139,0.0028,0.0028,0.0024,Turkish
Aydin18483,0.009,5e-4,0.0014,0.0043,Turkish
Aydin18419,0.0105,5e-4,0.001,0.0018,Turkish
Kayseri24276,0.0138,0.0027,0.0025,0.0021,Turkish
Istanbul19708,0.0101,0.0018,0.0017,0.0026,Turkish
Trabzon21173,0.0164,0.0037,0.0027,0.0025,Turkish
Adana23112,0.0107,0.0018,0.0021,0.0033,Turkish
Adana23117,0.0123,0.0019,0.002,0.0035,Turkish
UZB178_turkmen,-0.0021,-0.0018,7e-4,0.0101,Turkmen
UZB180_turkmen,3e-4,-0.0024,5e-4,0.0056,Turkmen
UZB101_turkmen,0.0055,0.001,0.0015,0.0045,Turkmen
UZB102_turkmen,0.0032,-0.0012,6e-4,0.0058,Turkmen
UZB105_turkmen,-0.0042,-0.0017,-7e-4,0.0107,Turkmen
UZB111_turkmen,0.003,5e-4,6e-4,0.0083,Turkmen
UZB150_turkmen,0.0026,1e-4,0.0011,0.006,Turkmen
HGDP01297,-0.0059,9e-4,-1e-4,0.0061,Uygur
HGDP01298,-0.0044,0.0012,-5e-4,0.0061,Uygur
HGDP01299,-0.0078,8e-4,-1e-4,0.0068,Uygur
HGDP01300,-0.0062,-4e-4,0,0.0081,Uygur
HGDP01301,-0.0072,1e-4,0,0.0067,Uygur
HGDP01302,-0.0123,-0.0023,1e-4,0.0137,Uygur
HGDP01303,-0.0051,0.001,-3e-4,0.0057,Uygur
HGDP01304,-0.0099,0.001,1e-4,0.0084,Uygur
HGDP01305,-0.0096,4e-4,1e-4,0.0088,Uygur
HGDP01306,-0.0082,0.001,-4e-4,0.0085,Uygur
usb24,-0.0034,-0.0013,-3e-4,0.0082,Uzbek
usb25,-0.0053,-9e-4,-2e-4,0.0136,Uzbek
usb35,-0.0034,-0.0015,-3e-4,0.0123,Uzbek
usb40,-0.0081,-0.002,-5e-4,0.0116,Uzbek
usb6,-0.0033,-5e-4,1e-4,0.013,Uzbek
usb64,0.0023,2e-4,0,0.0053,Uzbek
usb72,0.0026,-4e-4,9e-4,0.0053,Uzbek
usb2,-0.006,-0.0021,3e-4,0.0131,Uzbek
usb78,0.0013,-0.0013,1e-4,0.0067,Uzbek
usb8,-0.0029,-7e-4,2e-4,0.0106,Uzbek
HGDP00609,0.0155,0.0074,0.008,0.001,BedouinA
HGDP00611,0.0153,0.0086,0.0094,0.0013,BedouinA
HGDP00613,0.0152,0.0062,0.0066,8e-4,BedouinA
HGDP00614,0.0156,0.0075,0.0075,0.0017,BedouinA
HGDP00615,0.0154,0.0061,0.007,0.0028,BedouinA
HGDP00619,0.0162,0.0066,0.0073,0.0014,BedouinA
HGDP00620,0.0155,0.0083,0.0092,8e-4,BedouinA
HGDP00622,0.0155,0.0064,0.0079,0.0022,BedouinA
HGDP00625,0.0154,0.0063,0.0067,0.0022,BedouinA
HGDP00626,0.0156,0.0062,0.0072,0.0017,BedouinA
HGDP00628,0.0152,0.0057,0.0072,0.0034,BedouinA
HGDP00629,0.0154,0.0074,0.0075,0.0015,BedouinA
HGDP00632,0.0154,0.0084,0.0091,8e-4,BedouinA
HGDP00634,0.0155,0.0079,0.0089,0.0023,BedouinA
HGDP00635,0.0152,0.0072,0.0079,7e-4,BedouinA
HGDP00637,0.0152,0.008,0.0085,0.0013,BedouinA
HGDP00638,0.0157,0.0082,0.0089,0.0017,BedouinA
HGDP00639,0.0161,0.0067,0.0079,9e-4,BedouinA
HGDP00640,0.0152,0.0082,0.0093,0.0012,BedouinA
HGDP00642,0.016,0.0071,0.0074,0.0027,BedouinA
HGDP00644,0.0153,0.0062,0.0064,0.0013,BedouinA
HGDP00645,0.0156,0.0068,0.0079,0.0039,BedouinA
HGDP00646,0.0158,0.0088,0.0102,4e-4,BedouinA
HGDP00647,0.0155,0.0062,0.0071,0.0015,BedouinA
HGDP00654,0.0152,0.0044,0.0057,0.0028,BedouinA
HGDP00607,0.016,0.0094,0.011,0.0022,BedouinB
HGDP00608,0.0167,0.008,0.0091,0.0026,BedouinB
HGDP00610,0.0164,0.0088,0.0111,0.0022,BedouinB
HGDP00612,0.0167,0.0095,0.0115,0.005,BedouinB
HGDP00616,0.0161,0.0085,0.0108,1e-4,BedouinB
HGDP00618,0.017,0.0089,0.0114,0.002,BedouinB
HGDP00623,0.0169,0.0095,0.0114,0.0033,BedouinB
HGDP00624,0.0166,0.0091,0.0107,5e-4,BedouinB
HGDP00630,0.0162,0.009,0.0118,0.0034,BedouinB
HGDP00631,0.0172,0.0098,0.0115,0.0025,BedouinB
HGDP00636,0.0165,0.0084,0.0101,8e-4,BedouinB
HGDP00641,0.0162,0.0085,0.0102,0.0012,BedouinB
HGDP00643,0.0164,0.0082,0.0104,0.0021,BedouinB
HGDP00648,0.0159,0.0078,0.0103,0.0014,BedouinB
HGDP00649,0.0167,0.0083,0.0111,2e-4,BedouinB
HGDP00650,0.0162,0.008,0.01,0.0022,BedouinB
HGDP00651,0.0163,0.0081,0.0104,0.0042,BedouinB
HGDP00653,0.0161,0.0087,0.0105,0.0041,BedouinB
HGDP00701,0.0165,0.009,0.0108,0.0025,BedouinB
HGDP00557,0.0164,0.0054,0.0046,3e-4,Druze
HGDP00558,0.0169,0.0052,0.0051,-9e-4,Druze
HGDP00559,0.0162,0.0052,0.0043,-2e-4,Druze
HGDP00560,0.0165,0.0045,0.005,0.0016,Druze
HGDP00561,0.0162,0.0044,0.0047,0.0022,Druze
HGDP00562,0.0163,0.005,0.0045,0.0025,Druze
HGDP00563,0.0163,0.0048,0.0048,0.001,Druze
HGDP00564,0.0168,0.005,0.0045,-6e-4,Druze
HGDP00565,0.0166,0.0055,0.0051,7e-4,Druze
HGDP00566,0.016,0.0049,0.0046,0.0024,Druze
HGDP00567,0.0164,0.0057,0.0054,0.0013,Druze
HGDP00568,0.0163,0.0037,0.005,-0.0011,Druze
HGDP00569,0.0165,0.005,0.0043,0.0012,Druze
HGDP00571,0.0163,0.0037,0.0039,-0.0017,Druze
HGDP00572,0.0162,0.0057,0.0049,4e-4,Druze
HGDP00573,0.0163,0.0036,0.0048,0.0016,Druze
HGDP00574,0.0167,0.0054,0.0053,0.0017,Druze
HGDP00575,0.0165,0.0054,0.0046,0.0029,Druze
HGDP00577,0.0159,0.0051,0.0051,0.001,Druze
HGDP00578,0.016,0.0051,0.0046,9e-4,Druze
HGDP00579,0.0167,0.005,0.0042,9e-4,Druze
HGDP00580,0.0162,0.0046,0.004,-3e-4,Druze
HGDP00582,0.016,0.0051,0.0046,0.0021,Druze
HGDP00583,0.0165,0.0053,0.0051,0.0019,Druze
HGDP00584,0.016,0.0044,0.0042,0.0018,Druze
HGDP00586,0.0163,0.0052,0.0044,0.0026,Druze
HGDP00587,0.0163,0.0047,0.0038,0.0019,Druze
HGDP00588,0.0163,0.0056,0.0053,0.0038,Druze
HGDP00591,0.0164,0.0042,0.0044,0.0019,Druze
HGDP00594,0.0166,0.0054,0.0048,7e-4,Druze
HGDP00595,0.016,0.0047,0.0045,2e-4,Druze
HGDP00597,0.0165,0.0045,0.0045,3e-4,Druze
HGDP00598,0.0165,0.0047,0.0051,4e-4,Druze
HGDP00599,0.0163,0.0047,0.0041,0.0013,Druze
HGDP00600,0.0159,0.0051,0.0041,0.0015,Druze
HGDP00601,0.0165,0.0053,0.0052,0.0026,Druze
HGDP00602,0.0162,0.0047,0.0038,0,Druze
HGDP00604,0.0162,0.0061,0.0047,-1e-4,Druze
HGDP00606,0.0162,0.0042,0.0043,6e-4,Druze
mg43,0.0152,0.0021,0.0018,-2e-4,Georgian
mg47,0.0154,0.0025,0.0021,0.0018,Georgian
mg22,0.0156,0.0027,0.002,-0.0013,Georgian
mg49,0.016,0.0031,0.0023,0.0017,Georgian
mg23,0.0159,0.0034,0.0021,4e-4,Georgian
mg62,0.0162,0.0025,0.0025,-4e-4,Georgian
mg27,0.0152,0.0022,0.0026,4e-4,Georgian
mg31,0.0162,0.0024,0.0022,0.0011,Georgian
mg34,0.0159,0.0021,0.0021,0.0012,Georgian
mg40,0.0158,0.0027,0.0021,8e-4,Georgian
iran19,0.0135,0.0023,0.003,0.001,Iranian
iran14,0.0125,0.0024,0.0024,9e-4,Iranian
iran2,0.0127,0.0027,0.0026,0.0014,Iranian
iran20,0.0121,0.0034,0.003,-3e-4,Iranian
iran3,0.0134,0.0032,0.0036,0.0024,Iranian
iran11,0.0133,0.0031,0.0026,2e-4,Iranian
iran16,0.0128,0.0028,0.0029,0.0033,Iranian
iran17,0.0125,0.0032,0.0031,0.001,Iranian
AshkenaziJew5779,0.0158,0.0024,0.0015,-0.0013,Jew_Ashkenazi
AshkenaziJew5782,0.016,0.002,0.0011,-0.0012,Jew_Ashkenazi
AshkenaziJew5783,0.0159,0.0022,5e-4,-7e-4,Jew_Ashkenazi
AshkenaziJew5704,0.0161,0.0023,0.0012,-0.0013,Jew_Ashkenazi
AshkenaziJew5728,0.016,0.0025,6e-4,-6e-4,Jew_Ashkenazi
AshkenaziJew5790,0.0158,0.002,9e-4,-4e-4,Jew_Ashkenazi
AshkenaziJew5788,0.0163,0.0024,0.001,-8e-4,Jew_Ashkenazi
GeorgianJew1607,0.0143,0.004,0.0032,0.0011,Jew_Georgian
GeorgianJew1671,0.0157,0.0037,0.0034,0.0012,Jew_Georgian
GeorgianJew1577,0.0161,0.0035,0.0031,0.0024,Jew_Georgian
GeorgianJew1971,0.0155,0.0023,0.0034,0.0017,Jew_Georgian
GeorgianJew1594,0.0158,0.0041,0.0034,0.0016,Jew_Georgian
GeorgianJew1654,0.0155,0.0042,0.0036,0.0018,Jew_Georgian
GeorgianJew1883,0.0154,0.003,0.0034,7e-4,Jew_Georgian
IranianJew1409,0.0153,0.0036,0.0041,-0.0014,Jew_Iranian
IranianJew1132,0.0157,0.0045,0.004,0.002,Jew_Iranian
IranianJew1159,0.0158,0.0045,0.0043,0.0021,Jew_Iranian
IranianJew1513,0.0156,0.0043,0.0043,0.0012,Jew_Iranian
IranianJew1556,0.0159,0.0053,0.0038,0.0031,Jew_Iranian
IranianJew1557,0.0155,0.0029,0.0032,5e-4,Jew_Iranian
IranianJew1143,0.0161,0.0045,0.0045,0.0032,Jew_Iranian
IranianJew1832,0.0154,0.0041,0.0039,0.0017,Jew_Iranian
IranianJew1845,0.0151,0.0045,0.0043,0.002,Jew_Iranian
IraqiJew4061,0.0169,0.0048,0.0043,0.0019,Jew_Iraqi
IraqiJew4241,0.0158,0.0049,0.0044,-2e-4,Jew_Iraqi
IraqiJew1417,0.0166,0.0044,0.0045,3e-4,Jew_Iraqi
IraqiJew1771,0.0159,0.0047,0.0041,0.0014,Jew_Iraqi
IraqiJew4291,0.016,0.006,0.0043,-0.0011,Jew_Iraqi
IraqiJew1430,0.016,0.0046,0.0045,1e-4,Jew_Iraqi
LibyanJew1438,0.0165,0.0054,0.0049,-4e-4,Jew_Libyan
LibyanJew1601,0.0165,0.0046,0.0041,0.0016,Jew_Libyan
LibyanJew1104,0.0161,0.0049,0.0039,-2e-4,Jew_Libyan
LibyanJew1462,0.0164,0.0049,0.0038,-0.0013,Jew_Libyan
LibyanJew1263,0.017,0.0052,0.0043,0.001,Jew_Libyan
LibyanJew1611,0.0164,0.0053,0.0038,-7e-4,Jew_Libyan
LibyanJew1605,0.0166,0.0046,0.0042,8e-4,Jew_Libyan
LibyanJew1639,0.0166,0.0048,0.0046,0.0017,Jew_Libyan
LibyanJew1659,0.0169,0.0049,0.0045,-1e-4,Jew_Libyan
MoroccanJew5126,0.0163,0.0034,0.0029,-0.0015,Jew_Moroccan
MoroccanJew4634,0.0163,0.0036,0.0031,-0.0014,Jew_Moroccan
MoroccanJew4789,0.0161,0.0042,0.0028,-0.0011,Jew_Moroccan
MoroccanJew5168,0.0157,0.0036,0.003,-9e-4,Jew_Moroccan
MoroccanJew4692,0.0165,0.0049,0.0031,0,Jew_Moroccan
MoroccanJew4683,0.0166,0.0037,0.0029,-5e-4,Jew_Moroccan
TunisianJew1421,0.0169,0.0042,0.0044,6e-4,Jew_Tunisian
TunisianJew1763,0.0167,0.0057,0.0044,0.001,Jew_Tunisian
TunisianJew1507,0.0165,0.006,0.0048,0.0011,Jew_Tunisian
TunisianJew1544,0.016,0.0046,0.0035,-0.0012,Jew_Tunisian
TunisianJew1170,0.017,0.0048,0.004,0,Jew_Tunisian
TunisianJew1531,0.0171,0.0048,0.004,6e-4,Jew_Tunisian
TunisianJew1511,0.0163,0.0051,0.0039,0.0015,Jew_Tunisian
SephardiJewTurkey4955,0.0161,0.0023,0.0024,-3e-4,Jew_Turkish
SephardiJewTurkey5877,0.0161,0.0025,0.0022,-0.0027,Jew_Turkish
SephardiJewTurkey4953,0.017,0.0042,0.003,0.0012,Jew_Turkish
SephardiJewTurkey6077,0.0169,0.0034,0.0027,-6e-4,Jew_Turkish
SephardiJewTurkey5832,0.0163,0.0033,0.0028,7e-4,Jew_Turkish
SephardiJewTurkey5075,0.0164,0.0027,0.0019,0.001,Jew_Turkish
SephardiJewTurkey4950,0.0165,0.0028,0.0017,-3e-4,Jew_Turkish
SephardiJewTurkey5033,0.0168,0.0032,0.0024,2e-4,Jew_Turkish
YemeniteJew4684,0.0166,0.007,0.0078,0.0013,Jew_Yemenite
YemeniteJew4695,0.0163,0.0085,0.0082,-3e-4,Jew_Yemenite
YemeniteJew4675,0.0157,0.0073,0.0076,0.0024,Jew_Yemenite
YemeniteJew4938,0.0165,0.008,0.0076,0.0016,Jew_Yemenite
YemeniteJew4667,0.016,0.0079,0.0085,9e-4,Jew_Yemenite
YemeniteJew4960,0.0164,0.0074,0.0077,0.0014,Jew_Yemenite
YemeniteJew5433,0.0164,0.0079,0.0079,-3e-4,Jew_Yemenite
YemeniteJew4937,0.0159,0.007,0.008,0.0017,Jew_Yemenite
Jordan543,0.0155,0.0056,0.0058,0.0014,Jordanian
Jordan214,0.0151,0.0043,0.0053,0.0023,Jordanian
Jordan445,0.0161,0.0059,0.0054,0.0017,Jordanian
Jordan62,0.0157,0.0061,0.0073,0.0017,Jordanian
Jordan603,0.0153,0.0051,0.0059,0.0011,Jordanian
Jordan307,0.0149,0.0055,0.0057,3e-4,Jordanian
Jordan503,0.0142,0.0043,0.0053,0.0023,Jordanian
Jordan646,0.0147,0.006,0.0058,0.0015,Jordanian
Jordan384,0.0151,0.0057,0.0065,5e-4,Jordanian
HGDP00675,0.0158,0.0057,0.0068,0.0021,Palestinian
HGDP00676,0.0155,0.0062,0.0063,0.0017,Palestinian
HGDP00677,0.0162,0.0059,0.0069,0.0024,Palestinian
HGDP00679,0.016,0.0061,0.0063,0.0028,Palestinian
HGDP00680,0.0153,0.0071,0.0078,0.0037,Palestinian
HGDP00683,0.0153,0.0063,0.0072,0.0025,Palestinian
HGDP00684,0.0157,0.0063,0.0064,0.0022,Palestinian
HGDP00685,0.016,0.0078,0.0083,0.0016,Palestinian
HGDP00686,0.0153,0.0065,0.007,-8e-4,Palestinian
HGDP00687,0.0163,0.0063,0.0066,0.002,Palestinian
HGDP00688,0.0157,0.0057,0.0056,8e-4,Palestinian
HGDP00689,0.016,0.0058,0.0064,0.0013,Palestinian
HGDP00690,0.016,0.0059,0.0064,0.0022,Palestinian
HGDP00691,0.0156,0.0066,0.0066,-1e-4,Palestinian
HGDP00694,0.0161,0.0061,0.0058,0.0016,Palestinian
HGDP00696,0.0159,0.0058,0.0062,0.002,Palestinian
HGDP00697,0.0161,0.0075,0.0064,0.0014,Palestinian
HGDP00698,0.0154,0.0064,0.0064,-2e-4,Palestinian
HGDP00699,0.0163,0.0057,0.0061,0.0021,Palestinian
HGDP00700,0.0155,0.0065,0.0067,0.0023,Palestinian
HGDP00722,0.0155,0.0058,0.0058,0.0015,Palestinian
HGDP00724,0.0165,0.0066,0.0072,8e-4,Palestinian
HGDP00725,0.0156,0.0069,0.0061,-3e-4,Palestinian
HGDP00726,0.0161,0.0065,0.0071,0.0014,Palestinian
HGDP00727,0.016,0.0061,0.0065,3e-4,Palestinian
HGDP00729,0.0155,0.0071,0.0067,0.0016,Palestinian
HGDP00730,0.0159,0.0065,0.0062,6e-4,Palestinian
HGDP00731,0.0155,0.0084,0.0086,0.0012,Palestinian
HGDP00732,0.0167,0.0066,0.0069,8e-4,Palestinian
HGDP00733,0.0159,0.0064,0.0066,0.0016,Palestinian
HGDP00734,0.0156,0.0061,0.0065,0,Palestinian
HGDP00735,0.0157,0.0064,0.0065,0.0021,Palestinian
HGDP00736,0.0156,0.0066,0.0057,4e-4,Palestinian
HGDP00737,0.0162,0.0068,0.0072,0.0022,Palestinian
HGDP00739,0.0153,0.0069,0.0072,0.001,Palestinian
HGDP00740,0.0159,0.0058,0.0063,0.0026,Palestinian
HGDP00741,0.0157,0.0061,0.0062,-8e-4,Palestinian
HGDP00745,0.0148,0.0059,0.0058,-1e-4,Palestinian
SaudiA5,0.0166,0.0075,0.0093,0.0024,Saudi
SaudiA6,0.0154,0.0069,0.0072,0.0025,Saudi
SaudiA7,0.0163,0.0048,0.0045,8e-4,Saudi
saudi1434,0.0167,0.0079,0.0086,0.0015,Saudi
saudi1424,0.0164,0.0078,0.0089,0.003,Saudi
SaudiA9,0.0158,0.0057,0.0064,8e-4,Saudi
SaudiA1,0.016,0.0093,0.009,3e-4,Saudi
saudi1403,0.0165,0.0078,0.0091,0.0042,Saudi
syria464,0.0145,0.0062,0.0063,8e-4,Syrian
syria361,0.0173,0.0031,0.0031,6e-4,Syrian
syria485,0.0151,0.005,0.0044,6e-4,Syrian
syria520,0.0153,0.0061,0.0058,0.0029,Syrian
syria4,0.016,0.0052,0.0047,0.0042,Syrian
syria461,0.0142,0.0071,0.008,0.0019,Syrian
syria6,0.0147,0.0057,0.0066,0.003,Syrian
syria7,0.0148,0.0053,0.0068,-1e-4,Syrian
Lebanon5,0.016,0.0069,0.0076,-3e-4,Lebanese
Lebanon6,0.0134,0.0036,0.0037,0.0017,Lebanese
Lebanon7,0.0158,0.0055,0.0043,0.0019,Lebanese
Lebanon8,0.0141,0.0035,0.0037,5e-4,Lebanese
Lebanon1,0.0165,0.0042,0.0044,-2e-4,Lebanese
Lebanon2,0.0154,0.004,0.0047,0.001,Lebanese
Lebanon3,0.0163,0.0056,0.0042,2e-4,Lebanese
Lebanon4,0.0155,0.0072,0.0067,-9e-4,Lebanese
altai363p,-0.0172,-0.0051,0,0.0232,Altaian
altai380k,-0.0162,-0.0072,-5e-4,0.0205,Altaian
altai280p,-0.0165,-0.0058,-1e-4,0.0223,Altaian
altai431k,-0.0153,-0.0062,-2e-4,0.0189,Altaian
altai283p,-0.0164,-0.0057,-6e-4,0.0213,Altaian
altai419A,-0.0149,-0.006,-3e-4,0.0198,Altaian
altai409k,-0.0171,-0.0072,-2e-4,0.0247,Altaian
Bur1.SG,-0.0223,-0.0067,4e-4,0.0303,Buryat.SG
Bur2.SG,-0.0221,-0.0053,5e-4,0.0273,Buryat.SG
Tuba12,-0.0114,-0.0073,-0.0017,0.0209,Tubalar
Tuba20,-0.0102,-0.008,-0.001,0.0155,Tubalar
Tuba13,-0.0103,-0.0087,-0.0013,0.0193,Tubalar
Tuba21,-0.0115,-0.0089,-0.0014,0.0171,Tubalar
Tuba29,-0.0115,-0.0079,-0.0011,0.0195,Tubalar
Tuba6,-0.011,-0.0081,-0.0016,0.0194,Tubalar
Tuba22,-0.0112,-0.0091,-0.0016,0.0185,Tubalar
Tuba30,-0.0119,-0.0077,-0.0011,0.0189,Tubalar
Tuba15,-0.011,-0.0073,-0.0017,0.0211,Tubalar
Tuba23,-0.0113,-0.0082,-0.0017,0.0226,Tubalar
Tuba31,-0.0103,-0.009,-0.0014,0.0198,Tubalar
Tuba16,-0.0126,-0.0082,-0.0015,0.0223,Tubalar
Tuba24,-0.011,-0.0086,-0.0019,0.0211,Tubalar
Tuba1,-0.0102,-0.0092,-0.0018,0.0202,Tubalar
Tuba9,-0.0116,-0.0076,-0.0016,0.0196,Tubalar
Tuba17,-0.0126,-0.0082,-0.001,0.021,Tubalar
Tuba25,-0.0085,-0.008,-0.0017,0.0167,Tubalar
Tuba2,-0.0091,-0.0075,-0.0021,0.017,Tubalar
Tuba10,-0.009,-0.0084,-0.0015,0.0179,Tubalar
Tuba18,-0.011,-0.0088,-0.0017,0.0189,Tubalar
Tuba11,-0.0085,-0.0086,-0.0021,0.021,Tubalar
Tuba19,-0.0114,-0.0088,-0.0017,0.0177,Tubalar
Tuvinians86,-0.0204,-0.0072,2e-4,0.0286,Tuvinian
Tuvinians111,-0.0195,-0.0079,1e-4,0.0261,Tuvinian
Tuvinians66,-0.0216,-0.0061,1e-4,0.0248,Tuvinian
Tuvinians64,-0.0195,-0.0104,5e-4,0.0278,Tuvinian
Tuvinians51,-0.0214,-0.0074,1e-4,0.0278,Tuvinian
Tuvinians67,-0.0198,-0.009,1e-4,0.0303,Tuvinian
Tuvinians56,-0.0217,-0.0059,2e-4,0.0272,Tuvinian
Tuvinians54,-0.0206,-0.0052,-1e-4,0.0254,Tuvinian
Tuvinians61,-0.0209,-0.0047,3e-4,0.0274,Tuvinian
Tuvinians85,-0.0195,-0.0081,1e-4,0.0281,Tuvinian
HGDP01203,-0.0281,-0.0086,0.001,0.037,Oroqen
HGDP01204,-0.0272,0.0018,3e-4,0.0175,Oroqen
HGDP01205,-0.0272,-0.0022,5e-4,0.0239,Oroqen
HGDP01206,-0.027,-0.0071,9e-4,0.0309,Oroqen
HGDP01207,-0.0263,-0.0029,4e-4,0.0247,Oroqen
HGDP01208,-0.0275,-0.0023,7e-4,0.0196,Oroqen
HGDP01209,-0.0272,-0.0045,8e-4,0.0259,Oroqen
HGDP01211,-0.0274,-0.0114,0.0012,0.0332,Oroqen
HGDP01212,-0.0263,0.0012,0,0.0192,Oroqen
HGDP01213,-0.0275,5e-4,1e-4,0.0217,Daur
HGDP01214,-0.0259,0.0023,3e-4,0.0198,Daur
HGDP01215,-0.0263,0.001,1e-4,0.0166,Daur
HGDP01216,-0.0267,1e-4,2e-4,0.0189,Daur
HGDP01217,-0.0262,0.001,2e-4,0.0191,Daur
HGDP01218,-0.0272,0.0018,6e-4,0.0219,Daur
HGDP01220,-0.0273,0.001,-1e-4,0.0207,Daur
HGDP01221,-0.0273,0.0012,1e-4,0.0206,Daur
HGDP01222,-0.0268,0.0014,4e-4,0.0208,Daur
HGDP01233,-0.0279,0.0027,4e-4,0.0151,Hezhen
HGDP01234,-0.0272,-0.0029,0.001,0.0265,Hezhen
HGDP01237,-0.0282,-0.0038,0.001,0.0261,Hezhen
HGDP01238,-0.0266,0.003,-4e-4,0.0161,Hezhen
HGDP01239,-0.0274,0.0029,-1e-4,0.0117,Hezhen
HGDP01240,-0.0276,-0.005,0.0014,0.0269,Hezhen
HGDP01241,-0.0277,0.0035,4e-4,0.0158,Hezhen
HGDP01242,-0.0279,-4e-4,4e-4,0.0188,Hezhen
Nlk16,-0.0084,-0.0104,-0.0016,0.0241,Even
Nlk1,-0.02,-0.0135,3e-4,0.0348,Even
Nlk18,-0.0255,-0.0171,0.0017,0.041,Even
Nlk3,-0.0263,-0.0143,0.0014,0.0449,Even
Nlk19,0.0016,-0.0071,-0.0037,0.0092,Even
Nlk5,-0.0127,-0.0104,-8e-4,0.0256,Even
Nlk6,-0.0202,-0.0137,6e-4,0.0378,Even
Nlk10,-0.0056,-0.01,-8e-4,0.0201,Even
Nlk14,-0.0066,-0.0108,-0.0019,0.0199,Even
HGDP01223,-0.0262,0.0042,-1e-4,0.0119,Mongola
HGDP01225,-0.0265,0.0072,-5e-4,0.0092,Mongola
HGDP01227,-0.0253,0.0064,-6e-4,0.0115,Mongola
HGDP01228,-0.0261,0.0061,-2e-4,0.0101,Mongola
HGDP01231,-0.0269,0.0067,-4e-4,0.0132,Mongola
HGDP01232,-0.0263,0.0071,0,0.0075,Mongola
Ul5,-0.0279,-0.0102,0.0016,0.0253,Ulchi
Ul31,-0.0284,-0.0104,0.0016,0.0283,Ulchi
Ul65,-0.0286,-0.0123,0.0019,0.0296,Ulchi
Ul6,-0.028,-0.0076,0.0019,0.023,Ulchi
Ul33,-0.0277,-0.008,0.0011,0.0294,Ulchi
Ul71,-0.0286,-0.0086,0.0015,0.0284,Ulchi
Ul10,-0.0289,-0.0076,0.0016,0.0229,Ulchi
Ul43,-0.0286,-0.0108,0.0018,0.0303,Ulchi
Ul72,-0.0279,-0.0096,0.0017,0.0258,Ulchi
Ul44,-0.0281,-0.0077,0.0012,0.0265,Ulchi
Ul74,-0.0282,-0.0086,0.0014,0.0241,Ulchi
Ul19,-0.0279,-0.0042,0.0017,0.0176,Ulchi
Ul24,-0.0276,-0.0114,0.0012,0.0332,Ulchi
Ul59,-0.0283,-0.0094,0.0015,0.0251,Ulchi
Ul56,-0.0276,-0.0059,0.0015,0.0226,Ulchi
Ul55,-0.0283,-0.0099,0.0018,0.0253,Ulchi
Ul16,-0.0286,-0.0078,0.0019,0.0249,Ulchi
Ul69,-0.0284,-0.0089,0.0017,0.027,Ulchi
Ul1,-0.0284,-0.0063,0.0014,0.0199,Ulchi
Ul36,-0.0278,-0.0134,0.0015,0.0313,Ulchi
Ul25,-0.0285,-0.0078,0.0016,0.0264,Ulchi
Ul52,-0.0284,-0.0083,9e-4,0.0259,Ulchi
Ul70,-0.0286,-0.0096,0.0013,0.0277,Ulchi
Ul51,-0.0281,-0.011,0.0017,0.0205,Ulchi
Ul39,-0.0284,-0.0088,0.0016,0.0246,Ulchi
Yuk_009,-0.0247,-0.0197,0.0018,0.0323,Yukagir
Yuk_025,-0.0248,-0.0206,0.0023,0.0234,Yukagir
Yuk_022,-0.026,-0.0237,0.0029,0.004,Yukagir
Yuk_020,-0.0251,-0.029,0.0035,-0.0139,Yukagir
Yuk_024,-0.0247,-0.0307,0.0043,-0.0296,Yukagir
Yuk_023,-0.0267,-0.0256,0.0033,0.0102,Yukagir
Yuk_004,-0.0238,-0.0154,0.0012,0.0341,Yukagir
Yuk_019,-0.0267,-0.0255,0.0028,0.0118,Yukagir
Yuk_011,-0.0241,-0.0171,0.0011,0.0354,Yukagir
Yuk_021,-0.0272,-0.0211,0.002,0.0365,Yukagir
Nel19,-0.0027,-0.0113,-0.0023,0.0135,Yukagir
Nel13,-0.005,-0.0102,-0.0018,0.0155,Yukagir
Nel15,-0.0057,-0.0125,-0.0017,0.015,Yukagir
Ckrd8,-0.0257,-0.0271,0.0034,-0.007,Yukagir
Nel16,-0.0038,-0.0113,-0.0025,0.0151,Yukagir
Ckrd9,-0.0258,-0.0275,0.0034,-0.0024,Yukagir
Nel17,-0.0066,-0.0144,-0.0017,0.0148,Yukagir
Ckrd13,-0.0248,-0.0148,0.0015,0.0406,Yukagir
Ckrd18,-0.0265,-0.0202,0.0024,0.0353,Yukagir
Chuvash33,0.0051,-0.0076,-0.0038,0.0082,Chuvash
Chuvash37,0.0041,-0.0074,-0.0036,0.0068,Chuvash
Chuvash13,0.0041,-0.0087,-0.0034,0.0087,Chuvash
Chuvash20,0.0051,-0.0082,-0.0037,0.0059,Chuvash
Chuvash22,0.004,-0.0076,-0.0035,0.0065,Chuvash
Chuvash26,0.0058,-0.0071,-0.0036,0.0076,Chuvash
Chuvash24,0.0044,-0.0081,-0.0039,0.004,Chuvash
Chuvash29,0.0045,-0.0089,-0.0038,0.0068,Chuvash
Chuvash25,0.0061,-0.0076,-0.0044,0.0054,Chuvash
Chuvash31,0.0056,-0.0078,-0.0039,0.0057,Chuvash
HGDP00945,-0.0232,-0.0096,5e-4,0.0388,Yakut
HGDP00946,-0.0236,-0.0111,0.001,0.0413,Yakut
HGDP00947,-0.0218,-0.0106,5e-4,0.0406,Yakut
HGDP00948,-0.0203,-0.0099,8e-4,0.0377,Yakut
HGDP00950,-0.0198,-0.0102,1e-4,0.0346,Yakut
HGDP00951,-0.0233,-0.0109,6e-4,0.0409,Yakut
HGDP00952,-0.0227,-0.01,5e-4,0.0386,Yakut
HGDP00954,-0.0231,-0.0095,6e-4,0.0389,Yakut
HGDP00955,-0.0236,-0.0114,8e-4,0.0399,Yakut
HGDP00956,-0.0237,-0.0104,9e-4,0.0416,Yakut
HGDP00958,-0.0211,-0.0099,4e-4,0.0393,Yakut
HGDP00960,-0.024,-0.0116,0.0011,0.0429,Yakut
HGDP00961,-0.0231,-0.0097,9e-4,0.0411,Yakut
HGDP00962,-0.0238,-0.0109,9e-4,0.0441,Yakut
HGDP00963,-0.0236,-0.0099,9e-4,0.0373,Yakut
HGDP00964,-0.0222,-0.0103,5e-4,0.0398,Yakut
HGDP00965,-0.0232,-0.0101,9e-4,0.0426,Yakut
HGDP00966,-0.0216,-0.0102,6e-4,0.0376,Yakut
HGDP00967,-0.0231,-0.0106,5e-4,0.0378,Yakut
HGDP00968,-0.0208,-0.01,3e-4,0.0372,Yakut
Dolgan1708,-0.0246,-0.0141,0.0011,0.0435,Dolgan
Dolgan3185,-0.0231,-0.0097,2e-4,0.0375,Dolgan
Dolgan3875,-0.0204,-0.0122,6e-4,0.0421,Dolgan
Dolgan3857,-0.0179,-0.012,5e-4,0.0365,Dolgan
NA13613,-0.0286,0.0223,-0.0022,-0.0308,Ami
NA13614,-0.0285,0.0215,-0.0021,-0.0301,Ami
NA13607,-0.0285,0.021,-0.0025,-0.0287,Ami
NA13615,-0.0284,0.0221,-0.0024,-0.0279,Ami
NA13608,-0.0284,0.021,-0.0024,-0.0284,Ami
NA13616,-0.0288,0.0222,-0.0023,-0.03,Ami
NA13609,-0.0288,0.0207,-0.0023,-0.0273,Ami
NA13610,-0.0285,0.0218,-0.002,-0.0294,Ami
NA13611,-0.0287,0.0215,-0.0024,-0.0294,Ami
NA13612,-0.0286,0.0209,-0.0025,-0.0293,Ami
NA13597,-0.0285,0.0226,-0.0023,-0.0391,Atayal
NA13605,-0.0286,0.0217,-0.0021,-0.036,Atayal
NA13598,-0.0283,0.0222,-0.0024,-0.036,Atayal
NA13606,-0.0282,0.0225,-0.0022,-0.0405,Atayal
NA13599,-0.0292,0.0229,-0.0025,-0.0415,Atayal
NA13601,-0.0284,0.0221,-0.0026,-0.038,Atayal
NA13602,-0.0281,0.0224,-0.0025,-0.037,Atayal
NA13603,-0.0283,0.0233,-0.0025,-0.0369,Atayal
NA13604,-0.0288,0.0234,-0.0024,-0.0397,Atayal
HGDP01347,-0.0255,0.0087,-7e-4,0.0059,Tu
HGDP01348,-0.0243,0.0084,-4e-4,0.0068,Tu
HGDP01349,-0.026,0.0085,-4e-4,0.0099,Tu
HGDP01350,-0.024,0.0066,-5e-4,0.0058,Tu
HGDP01351,-0.0252,0.0085,-3e-4,0.0065,Tu
HGDP01352,-0.0258,0.0086,-6e-4,0.0078,Tu
HGDP01353,-0.0241,0.0072,-8e-4,0.0038,Tu
HGDP01354,-0.0256,0.0096,-5e-4,0.0067,Tu
HGDP01355,-0.0261,0.0087,-4e-4,0.005,Tu
HGDP01356,-0.0247,0.0083,-7e-4,0.0078,Tu
HGDP01095,-0.0286,0.0151,-0.0015,-0.0076,Tujia
HGDP01096,-0.0288,0.0136,-0.0012,-0.0025,Tujia
HGDP01097,-0.0287,0.0155,-0.0015,-0.0067,Tujia
HGDP01098,-0.0281,0.0138,-0.0012,-0.0038,Tujia
HGDP01099,-0.0284,0.0125,-0.001,-0.004,Tujia
HGDP01100,-0.0286,0.0142,-0.0012,-0.0032,Tujia
HGDP01101,-0.0286,0.0153,-0.0014,-0.0057,Tujia
HGDP01102,-0.029,0.0148,-0.0012,-0.0028,Tujia
HGDP01103,-0.0286,0.0149,-0.0014,-0.0065,Tujia
HGDP01104,-0.0293,0.0132,-0.001,-0.0019,Tujia
HGDP01244,-0.0266,0.0047,-3e-4,0.0136,Xibo
HGDP01245,-0.0274,0.0039,-3e-4,0.0162,Xibo
HGDP01246,-0.0276,0.004,2e-4,0.0118,Xibo
HGDP01248,-0.0252,0.0044,-4e-4,0.0124,Xibo
HGDP01249,-0.0271,0.005,-3e-4,0.0119,Xibo
HGDP01250,-0.0259,0.0048,0,0.0142,Xibo
HGDP01251,-0.0271,0.0055,0,0.0131,Xibo
HGDP01179,-0.0277,0.0115,-6e-4,8e-4,Yi
HGDP01180,-0.0282,0.0115,-5e-4,0.0017,Yi
HGDP01181,-0.0274,0.0113,-7e-4,-3e-4,Yi
HGDP01182,-0.0268,0.0082,-4e-4,0.0109,Yi
HGDP01183,-0.0274,0.0097,-5e-4,0.0015,Yi
HGDP01184,-0.0271,0.0114,-6e-4,4e-4,Yi
HGDP01185,-0.0277,0.0116,-6e-4,3e-4,Yi
HGDP01186,-0.0276,0.0114,-6e-4,4e-4,Yi
HGDP01187,-0.0285,0.0136,-0.0011,-0.0047,Yi
HGDP01188,-0.0279,0.0108,-6e-4,0.0027,Yi
HGDP00774,-0.029,0.0158,-0.0014,-0.012,Han
HGDP00775,-0.0288,0.0142,-0.0011,-7e-4,Han
HGDP00776,-0.0289,0.017,-0.0014,-0.0129,Han
HGDP00777,-0.0279,0.0119,-0.0011,0.005,Han
HGDP00779,-0.0289,0.0129,-9e-4,-0.0012,Han
HGDP00780,-0.0282,0.0146,-0.0015,-0.0095,Han
HGDP00781,-0.0285,0.0174,-0.0016,-0.0154,Han
HGDP00782,-0.0287,0.0129,-0.0011,-0.0026,Han
HGDP00783,-0.0284,0.0126,-9e-4,0.0018,Han
HGDP00784,-0.0285,0.0149,-0.0012,-0.0082,Han
HGDP00785,-0.0284,0.017,-0.0019,-0.0115,Han
HGDP00786,-0.0292,0.0142,-0.0015,-0.0074,Han
HGDP00811,-0.0297,0.0154,-0.0015,-0.0071,Han
HGDP00812,-0.0283,0.0164,-0.0018,-0.0117,Han
HGDP00813,-0.0295,0.0155,-0.0013,-0.0082,Han
HGDP00814,-0.0288,0.0119,-9e-4,4e-4,Han
HGDP00815,-0.0288,0.0131,-0.0013,-0.0019,Han
HGDP00817,-0.0283,0.0168,-0.0016,-0.0122,Han
HGDP00818,-0.0293,0.0146,-0.0014,-0.0056,Han
HGDP00819,-0.0293,0.0171,-0.0016,-0.0116,Han
HGDP00820,-0.0285,0.0159,-0.0018,-0.0113,Han
HGDP00821,-0.0289,0.0169,-0.0015,-0.0144,Han
HGDP00822,-0.0292,0.0147,-0.0014,-0.0032,Han
HGDP00971,-0.0282,0.0122,-8e-4,0.0028,Han
HGDP00972,-0.0289,0.0145,-0.0013,-0.0091,Han
HGDP00973,-0.0294,0.0145,-0.001,-0.0042,Han
HGDP00974,-0.0284,0.017,-0.0017,-0.0102,Han
HGDP00975,-0.0288,0.0174,-0.0014,-0.014,Han
HGDP00976,-0.0288,0.0129,-7e-4,-0.0013,Han
HGDP00977,-0.0291,0.0151,-0.0014,-0.0072,Han
HGDP01021,-0.0294,0.0158,-0.0015,-0.0084,Han
HGDP01023,-0.0285,0.0121,-8e-4,0.003,Han
HGDP01024,-0.0282,0.0129,-7e-4,-1e-4,Han
HGDP01287,-0.0274,0.0108,-8e-4,0.0017,Han
HGDP01288,-0.0276,0.0109,-6e-4,0.0018,Han
HGDP01289,-0.0278,0.0106,-0.0011,0.003,Han
HGDP01290,-0.0275,0.0098,-8e-4,0.0027,Han
HGDP01291,-0.0275,0.0114,-9e-4,0.0048,Han
HGDP01292,-0.028,0.0105,-9e-4,0.0031,Han
HGDP01293,-0.0275,0.0115,-5e-4,0.0049,Han
HGDP01294,-0.0276,0.0123,-0.0013,0.0021,Han
HGDP01295,-0.0274,0.0096,-7e-4,0.0071,Han
HGDP01296,-0.0271,0.0113,-6e-4,0.0048,Han
HGDP00747,-0.0286,0.0085,-2e-4,0.0067,Japanese
HGDP00748,-0.0284,0.0095,-3e-4,0.008,Japanese
HGDP00749,-0.0285,0.0077,-5e-4,0.0068,Japanese
HGDP00750,-0.0284,0.0081,-3e-4,0.01,Japanese
HGDP00751,-0.0277,0.0094,-7e-4,0.0041,Japanese
HGDP00752,-0.0287,0.0092,-5e-4,0.0051,Japanese
HGDP00753,-0.0283,0.0083,0,0.0061,Japanese
HGDP00754,-0.0282,0.009,-2e-4,0.0081,Japanese
HGDP00755,-0.0283,0.0089,-4e-4,0.0044,Japanese
HGDP00756,-0.0284,0.0075,-5e-4,0.0059,Japanese
HGDP00757,-0.0282,0.0087,-5e-4,0.0068,Japanese
HGDP00758,-0.0282,0.0087,-5e-4,0.0062,Japanese
HGDP00759,-0.0294,0.009,-2e-4,0.0071,Japanese
HGDP00760,-0.0291,0.0082,-3e-4,0.0078,Japanese
HGDP00761,-0.0282,0.0088,-6e-4,0.0062,Japanese
HGDP00762,-0.0285,0.0081,-2e-4,0.0069,Japanese
HGDP00763,-0.0286,0.009,-3e-4,0.0054,Japanese
HGDP00764,-0.0281,0.0083,-4e-4,0.0049,Japanese
HGDP00765,-0.0283,0.0084,-7e-4,0.0055,Japanese
HGDP00766,-0.0285,0.0087,-1e-4,0.0057,Japanese
HGDP00767,-0.0282,0.0085,-3e-4,0.0077,Japanese
HGDP00768,-0.0287,0.0084,-3e-4,0.008,Japanese
HGDP00769,-0.0286,0.0094,-7e-4,0.0049,Japanese
HGDP00771,-0.0288,0.0084,-4e-4,0.0074,Japanese
HGDP00772,-0.028,0.0089,-7e-4,0.0063,Japanese
HGDP00773,-0.0281,0.0093,-4e-4,0.0025,Japanese
HGDP00790,-0.0284,0.0078,0,0.0072,Japanese
HGDP00791,-0.0284,0.0086,-3e-4,0.0091,Japanese
HGDP00828,-0.0283,0.0091,-3e-4,0.0064,Japanese
ND19394,-0.0285,0.0115,-7e-4,0.0029,Korean
ND22219,-0.0292,0.0092,-6e-4,0.0065,Korean
NA00726,-0.0289,0.0094,-6e-4,0.0097,Korean
ND13299,-0.029,0.0084,-3e-4,0.0068,Korean
ND14916,-0.0295,0.0093,-4e-4,0.0087,Korean
ND15143,-0.0288,0.0088,-4e-4,0.0058,Korean
HGDP01189,-0.0281,0.0155,-0.0013,-0.009,Miao
HGDP01190,-0.0285,0.0149,-0.0014,-0.0052,Miao
HGDP01191,-0.0287,0.0162,-0.0015,-0.0083,Miao
HGDP01192,-0.0288,0.0154,-0.0011,-0.0065,Miao
HGDP01193,-0.0287,0.016,-0.0015,-0.0082,Miao
HGDP01194,-0.0283,0.0161,-0.0016,-0.0102,Miao
HGDP01195,-0.0285,0.0145,-0.0015,-0.0082,Miao
HGDP01196,-0.0289,0.0152,-0.0015,-0.0055,Miao
HGDP01197,-0.0284,0.0157,-0.0015,-0.0059,Miao
HGDP01198,-0.0283,0.0151,-0.0011,-0.0094,Miao
HGDP01337,-0.0274,0.0106,-5e-4,0.0017,Naxi
HGDP01338,-0.0279,0.0113,-0.001,0.0026,Naxi
HGDP01339,-0.0275,0.0116,-7e-4,0.0011,Naxi
HGDP01340,-0.0272,0.0099,-7e-4,0.0019,Naxi
HGDP01341,-0.027,0.0104,-4e-4,0.004,Naxi
HGDP01342,-0.0276,0.0112,-8e-4,0.0028,Naxi
HGDP01344,-0.0275,0.0112,-8e-4,0.0064,Naxi
HGDP01345,-0.0274,0.0109,-6e-4,0.0047,Naxi
HGDP01346,-0.0273,0.0108,-7e-4,0.0035,Naxi
Smd6_1,-0.0263,0.0209,-0.0024,-0.0304,Semende
Smd9_1,-0.0267,0.0215,-0.0018,-0.032,Semende
Smd10_1,-0.0263,0.0206,-0.0016,-0.028,Semende
Smd14_1,-0.0263,0.0202,-0.0016,-0.0276,Semende
Smd15_1,-0.0265,0.0214,-0.0016,-0.0291,Semende
Smd1_1,-0.0262,0.0214,-0.0022,-0.0308,Semende
Smd18_1,-0.0268,0.0218,-0.0021,-0.0309,Semende
Smd3_1,-0.0261,0.0224,-0.0019,-0.0311,Semende
Smd19_1,-0.0264,0.0219,-0.0023,-0.0292,Semende
Smd5_1,-0.0271,0.0221,-0.002,-0.03,Semende
CHI007,-0.0227,0.0164,-7e-4,-0.0159,Thai
CHI034,-0.0266,0.0184,-0.0018,-0.0192,Thai
DCH002,-0.0211,0.0158,-9e-4,-0.0183,Thai
DCH006,-0.0209,0.0166,-0.0013,-0.0162,Thai
DCH007,-0.0253,0.0155,-0.0012,-0.0143,Thai
DCH008,-0.0207,0.0163,-9e-4,-0.0148,Thai
DCH009,-0.0241,0.016,-0.001,-0.0151,Thai
DCH010,-0.0214,0.0165,-0.001,-0.0193,Thai
DCH011,-0.0214,0.0165,-5e-4,-0.0191,Thai
DCH012,-0.0219,0.0162,-0.0011,-0.015,Thai
HGDP01317,-0.0279,0.0171,-0.0012,-0.0114,Lahu
HGDP01318,-0.0273,0.0174,-0.001,-0.0147,Lahu
HGDP01319,-0.0267,0.0165,-0.0015,-0.0119,Lahu
HGDP01320,-0.0275,0.0173,-0.0015,-0.0148,Lahu
HGDP01321,-0.0274,0.0168,-0.0014,-0.0166,Lahu
HGDP01322,-0.0271,0.0179,-0.0015,-0.0157,Lahu
HGDP01323,-0.0274,0.0165,-0.0011,-0.0139,Lahu
HGDP01326,-0.0276,0.0161,-0.0011,-0.0115,Lahu
HG01842,-0.027,0.0186,-0.0017,-0.0144,Kinh
HG01844,-0.027,0.0173,-0.0012,-0.0179,Kinh
HG01846,-0.027,0.0185,-0.0016,-0.0166,Kinh
HG01600,-0.028,0.0179,-0.0014,-0.0195,Kinh
HG01595,-0.0271,0.0186,-0.0012,-0.016,Kinh
HG01596,-0.0271,0.0172,-0.0015,-0.0155,Kinh
HG01597,-0.0279,0.0177,-0.0017,-0.0186,Kinh
HG01598,-0.0274,0.0176,-0.0017,-0.017,Kinh
HGDP01327,-0.0287,0.0172,-0.0014,-0.0116,She
HGDP01328,-0.029,0.0155,-0.0013,-0.0059,She
HGDP01329,-0.0289,0.015,-0.0014,-0.0065,She
HGDP01330,-0.0293,0.0157,-0.0015,-0.0096,She
HGDP01331,-0.0291,0.0159,-0.0015,-0.0117,She
HGDP01332,-0.0291,0.0165,-0.0016,-0.0091,She
HGDP01333,-0.0286,0.015,-0.0012,-0.0089,She
HGDP01334,-0.0285,0.0158,-0.0015,-0.0078,She
HGDP01335,-0.0287,0.0162,-0.0014,-0.0094,She
HGDP01336,-0.0286,0.0158,-0.0012,-0.0087,She
Bor6_1,-0.025,0.0216,-0.0018,-0.0305,Borneo
Bor7_2,-0.025,0.0207,-0.002,-0.0314,Borneo
Bor9_3,-0.0258,0.0212,-0.0016,-0.0305,Borneo
Bor1_5,-0.0254,0.0204,-0.0016,-0.0305,Borneo
Bor16_1,-0.0252,0.02,-0.0018,-0.0294,Borneo
Bor2_3,-0.026,0.0212,-0.0018,-0.0314,Borneo
Bor20_1,-0.0253,0.0205,-0.0017,-0.0305,Borneo
Bor3_3,-0.0258,0.0209,-0.0018,-0.032,Borneo
Bor4_5,-0.0251,0.0216,-0.0017,-0.0315,Borneo
HGDP00713,-0.0223,0.0185,-0.0015,-0.0196,Cambodian
HGDP00714,-0.0245,0.0176,-0.0013,-0.0207,Cambodian
HGDP00715,-0.0216,0.0177,-9e-4,-0.0229,Cambodian
HGDP00716,-0.0251,0.0178,-0.0011,-0.0146,Cambodian
HGDP00717,-0.0235,0.0192,-0.0011,-0.0224,Cambodian
HGDP00719,-0.0245,0.0169,-0.0013,-0.0167,Cambodian
HGDP00720,-0.023,0.0173,-0.0012,-0.0199,Cambodian
HGDP00721,-0.0224,0.0185,-0.0011,-0.0229,Cambodian
HGDP01307,-0.0278,0.0189,-0.0015,-0.0186,Dai
HGDP01308,-0.027,0.019,-0.0016,-0.0182,Dai
HGDP01309,-0.0278,0.0192,-0.0016,-0.022,Dai
HGDP01310,-0.0275,0.0199,-0.002,-0.0214,Dai
HGDP01311,-0.0275,0.0191,-0.0017,-0.0187,Dai
HGDP01312,-0.028,0.0198,-0.0019,-0.0209,Dai
HGDP01313,-0.0277,0.0186,-0.0015,-0.0234,Dai
HGDP01314,-0.0282,0.0187,-0.0015,-0.0195,Dai
HGDP01315,-0.0276,0.0186,-0.0016,-0.0183,Dai
HGDP01316,-0.0275,0.0194,-0.0018,-0.0219,Dai
T_Sherpa-1.DG,-0.0255,0.0075,-4e-4,0.0106,Sherpa.DG
T_Sherpa-2.DG,-0.0256,0.0067,2e-4,0.0109,Sherpa.DG
T_Tibetan-2.DG,-0.0245,0.0067,0,0.0113,Tibetan.DG
T_Tibetan-1.DG,-0.0247,0.0072,-2e-4,0.0122,Tibetan.DG
HGDP00001,0.0094,0.0028,0.0025,3e-4,Brahui
HGDP00003,0.0094,0.0019,0.0027,-0.002,Brahui
HGDP00005,0.0086,0.0017,0.0027,-6e-4,Brahui
HGDP00007,0.0097,0.0031,0.0024,-2e-4,Brahui
HGDP00011,0.0094,0.0027,0.0024,-2e-4,Brahui
HGDP00015,0.0099,0.0028,0.0027,9e-4,Brahui
HGDP00017,0.0099,0.0024,0.0024,0.0021,Brahui
HGDP00019,0.0089,0.0024,0.0022,0.0028,Brahui
HGDP00021,0.0102,0.0035,0.003,0.0012,Brahui
HGDP00023,0.0099,0.0016,0.0029,-1e-4,Brahui
HGDP00025,0.0097,0.0023,0.0026,-3e-4,Brahui
HGDP00027,0.0095,0.003,0.0027,-0.0019,Brahui
HGDP00031,0.0096,0.0023,0.0024,-0.0022,Brahui
HGDP00033,0.0098,0.0028,0.0024,0,Brahui
HGDP00035,0.0087,0.0036,0.003,-4e-4,Brahui
HGDP00037,0.0097,0.0023,0.0021,-0.0017,Brahui
HGDP00039,0.0078,0.0026,0.0026,6e-4,Brahui
HGDP00043,0.01,0.0032,0.0031,-5e-4,Brahui
HGDP00045,0.0098,0.0022,0.0024,-0.0012,Brahui
HGDP00047,0.0103,0.0043,0.004,0.0011,Brahui
HGDP00049,0.0095,0.0019,0.0024,-0.0014,Brahui
HGDP00052,0.01,0.0022,0.0025,-6e-4,Balochi
HGDP00054,0.011,0.0011,0.0023,0.001,Balochi
HGDP00056,0.0074,0.0025,0.0022,-8e-4,Balochi
HGDP00058,0.0087,0.0019,0.002,0.0011,Balochi
HGDP00062,0.0106,0.0031,0.0034,0.0023,Balochi
HGDP00064,0.0104,0.0024,0.0029,6e-4,Balochi
HGDP00066,0.0096,0.0019,0.002,2e-4,Balochi
HGDP00068,0.0077,0.0016,0.0024,-0.0011,Balochi
HGDP00072,0.01,0.0019,0.0022,-0.001,Balochi
HGDP00074,0.0102,0.003,0.0028,0.0027,Balochi
HGDP00078,0.0102,0.0031,0.0036,-0.001,Balochi
HGDP00080,0.0101,0.0027,0.0028,5e-4,Balochi
HGDP00082,0.0097,0.0011,0.0014,2e-4,Balochi
HGDP00086,0.0101,0.002,0.0024,1e-4,Balochi
HGDP00088,0.0098,0.0025,0.0027,-8e-4,Balochi
HGDP00090,0.0081,0.0022,0.0027,-0.0012,Balochi
HGDP00092,0.0084,0.003,0.0026,4e-4,Balochi
HGDP00094,0.0089,0.0016,0.002,5e-4,Balochi
HGDP00096,0.0091,0.0025,0.0025,-0.0015,Balochi
HGDP00098,0.009,0.0028,0.0032,4e-4,Balochi
HGDP00099,-0.0086,-7e-4,3e-4,0.0113,Hazara
HGDP00103,-0.009,-6e-4,5e-4,0.01,Hazara
HGDP00106,-0.007,0.0013,-5e-4,0.0115,Hazara
HGDP00109,-0.008,-0.001,3e-4,0.0104,Hazara
HGDP00110,-0.0065,0.0019,2e-4,0.0099,Hazara
HGDP00115,-0.0085,-0.0012,1e-4,0.0106,Hazara
HGDP00116,-0.008,1e-4,3e-4,0.01,Hazara
HGDP00118,-0.0071,4e-4,5e-4,0.0093,Hazara
HGDP00120,-0.0073,0,5e-4,0.0093,Hazara
HGDP00121,-0.0084,8e-4,0,0.0116,Hazara
HGDP00122,-0.0083,6e-4,1e-4,0.0138,Hazara
HGDP00124,-0.0067,-8e-4,1e-4,0.0083,Hazara
HGDP00125,-0.008,9e-4,3e-4,0.0102,Hazara
HGDP00127,-0.0082,-2e-4,1e-4,0.0122,Hazara
HGDP00131,0.0108,0.0037,0.0033,1e-4,Makrani
HGDP00133,0.0105,0.0023,0.0033,0.0028,Makrani
HGDP00134,0.0107,0.004,0.0048,0.0011,Makrani
HGDP00135,0.0105,0.0024,0.0025,-5e-4,Makrani
HGDP00136,0.0099,0.0034,0.0037,0.0022,Makrani
HGDP00137,0.0107,0.0043,0.0036,-9e-4,Makrani
HGDP00140,0.0094,0.0035,0.0039,-0.002,Makrani
HGDP00141,0.0104,0.0045,0.004,-7e-4,Makrani
HGDP00144,0.0105,0.0037,0.0039,-0.0012,Makrani
HGDP00145,0.0106,0.0041,0.0042,-0.0015,Makrani
HGDP00146,0.0115,0.0034,0.0037,-1e-4,Makrani
HGDP00148,0.0103,0.0036,0.0046,0.0021,Makrani
HGDP00151,0.011,0.004,0.0046,-6e-4,Makrani
HGDP00153,0.0106,0.0056,0.0053,0.0024,Makrani
HGDP00154,0.0108,0.0027,0.0043,4e-4,Makrani
HGDP00155,0.011,0.0021,0.0036,-0.0015,Makrani
HGDP00157,0.0109,0.0038,0.0042,-1e-4,Makrani
HGDP00158,0.0102,0.0023,0.0028,9e-4,Makrani
HGDP00160,0.0103,0.0031,0.0032,1e-4,Makrani
HGDP00161,0.0105,0.0038,0.0042,0.0012,Makrani
HGDP00213,0.0087,2e-4,6e-4,-0.003,Pathan
HGDP00216,0.0067,0.0017,0.001,2e-4,Pathan
HGDP00218,0.0079,1e-4,9e-4,-8e-4,Pathan
HGDP00222,0.0071,0.0014,6e-4,-0.0032,Pathan
HGDP00224,0.0078,0.0011,5e-4,-0.0031,Pathan
HGDP00226,0.0074,8e-4,0.0013,-1e-4,Pathan
HGDP00228,0.0066,9e-4,0.0011,-0.0014,Pathan
HGDP00230,0.007,9e-4,3e-4,-9e-4,Pathan
HGDP00232,0.0067,0.0013,8e-4,-0.0014,Pathan
HGDP00241,0.0084,6e-4,7e-4,-0.002,Pathan
HGDP00243,0.0091,1e-4,0.0011,-0.0011,Pathan
HGDP00244,0.0068,8e-4,0.0011,-3e-4,Pathan
HGDP00247,0.0068,7e-4,0.0013,-0.0014,Pathan
HGDP00248,0.0065,9e-4,0.0012,-0.0019,Pathan
HGDP00254,0.008,7e-4,9e-4,-0.0013,Pathan
HGDP00258,0.0054,0.001,0.0011,5e-4,Pathan
HGDP00259,0.0084,1e-4,7e-4,-9e-4,Pathan
HGDP00262,0.0074,0.0014,7e-4,-9e-4,Pathan
HGDP00264,0.0065,0.0014,8e-4,-0.0022,Pathan
HGDP00267,0.0081,-6e-4,7e-4,1e-4,Kalash
HGDP00277,0.0082,-5e-4,6e-4,-0.002,Kalash
HGDP00281,0.0078,1e-4,8e-4,-0.0029,Kalash
HGDP00285,0.0081,1e-4,6e-4,1e-4,Kalash
HGDP00286,0.0076,0,5e-4,-0.0012,Kalash
HGDP00288,0.0079,5e-4,6e-4,-0.0018,Kalash
HGDP00290,0.0075,0.0012,4e-4,-0.0032,Kalash
HGDP00298,0.0079,1e-4,4e-4,-0.0024,Kalash
HGDP00302,0.0075,-3e-4,3e-4,-0.0021,Kalash
HGDP00307,0.0078,5e-4,3e-4,-0.0021,Kalash
HGDP00311,0.0073,1e-4,3e-4,-0.0018,Kalash
HGDP00313,0.0073,6e-4,6e-4,-8e-4,Kalash
HGDP00315,0.0078,5e-4,1e-4,5e-4,Kalash
HGDP00319,0.008,4e-4,7e-4,-3e-4,Kalash
HGDP00323,0.0085,7e-4,6e-4,-4e-4,Kalash
HGDP00328,0.0079,-8e-4,0.001,-4e-4,Kalash
HGDP00330,0.0077,-8e-4,3e-4,-8e-4,Kalash
HGDP00333,0.0078,0,4e-4,-0.0031,Kalash
Mala1,-0.0014,0.0051,0.002,-0.0042,Mala
Mala2,-0.0022,0.0049,0.0014,-0.0041,Mala
Mala3,-0.0026,0.0062,0.0016,-0.004,Mala
Mala4,-0.0028,0.0061,0.0018,-0.0034,Mala
Mala5,-0.0029,0.0064,0.0019,-0.0036,Mala
Mala6,-0.0026,0.0056,0.0019,-0.0044,Mala
Mala7,-0.0023,0.0055,0.0021,-0.0026,Mala
Mala8,-0.0025,0.0054,0.002,-0.0055,Mala
Mala9,-0.0018,0.0053,0.002,-0.0035,Mala
Mala10,-0.0025,0.0053,0.0023,-0.0032,Mala
Mala11,-0.0027,0.0061,0.0016,-0.0039,Mala
Mala12,-0.0027,0.0059,0.0019,-0.0045,Mala
Mala13,-0.0032,0.0055,0.0018,-0.0069,Mala
Kivutkalns153,0.015,-0.006,-0.0068,-0.0058,Baltic_BA
Kivutkalns164,0.0155,-0.0059,-0.0071,-0.005,Baltic_BA
Kivutkalns194,0.0154,-0.0055,-0.0062,-0.0063,Baltic_BA
Kivutkalns19,0.015,-0.0069,-0.0071,-0.0053,Baltic_BA
Kivutkalns207,0.015,-0.0063,-0.0071,-0.0042,Baltic_BA
Kivutkalns209,0.0152,-0.0051,-0.0066,-0.0027,Baltic_BA
Kivutkalns215,0.0154,-0.0059,-0.0068,-0.0055,Baltic_BA
Kivutkalns222,0.0151,-0.005,-0.0068,-0.0042,Baltic_BA
Kivutkalns25,0.0151,-0.006,-0.0066,-0.0089,Baltic_BA
Kivutkalns42,0.0153,-0.0056,-0.0065,-0.0052,Baltic_BA
Turlojiske1932,0.0158,-0.0056,-0.0063,-0.0033,Baltic_BA
Turlojiske1,0.0146,-0.0059,-0.0064,-0.008,Baltic_BA
Turlojiske3,0.0147,-0.0058,-0.0064,-0.004,Baltic_BA
Turlojiske5,0.0143,-0.0074,-0.0067,-0.0081,Baltic_BA
Latvia_MN2.SG,0.0093,-0.0138,-0.0081,-0.0117,Baltic_CCC
MA974.SG,0.0102,-0.0151,-0.0099,-0.0099,Baltic_CCC
MA975.SG,0.0111,-0.0128,-0.0072,-0.0053,Baltic_CCC
Kunila2,0.0141,-0.0036,-0.0034,-6e-4,Baltic_CCC
Tamula1,0.0118,-0.011,-0.009,-0.011,Baltic_CCC
Tamula3,0.0107,-0.0134,-0.0097,-0.0115,Baltic_CCC
Latvia_LN1.SG,0.0137,-0.0078,-0.0055,-0.0045,Baltic_CWC
MA826.RISE00.SG,0.015,-0.0044,-0.004,-0.004,Baltic_CWC
MA968.MA976.SG,0.0142,-0.0045,-0.0037,-0.0039,Baltic_CWC
MA969.SG,0.0141,-0.0059,-0.0046,-0.0015,Baltic_CWC
MA971.SG,0.014,-0.0054,-0.0032,-0.0058,Baltic_CWC
MA976.SG,0.0141,-0.0051,-0.0041,-0.0034,Baltic_CWC
Gyvakarai1,0.013,-0.0065,-0.0039,-0.0035,Baltic_LN
Plinkaigalis241,0.0149,-0.0042,-0.0044,-0.0031,Baltic_LN
Plinkaigalis242,0.0133,-0.0071,-0.0054,-0.0028,Baltic_LN
Spiginas2,0.0146,-0.0057,-0.0062,-0.0058,Baltic_LN
I0211,0.0089,-0.016,-0.0091,-0.0128,EHG
I0061,0.0081,-0.0173,-0.0083,-0.0106,EHG
Popovo2,0.0091,-0.0146,-0.0079,-0.0078,EHG
UzOO77,0.0084,-0.0169,-0.008,-0.0109,EHG
Latvia_HG1.SG,0.0143,-0.0099,-0.0104,-0.0098,Kunda
Donkalnis4,0.0133,-0.009,-0.0117,-0.0011,Kunda
Spiginas4,0.014,-0.0081,-0.0118,-0.0086,Kunda
Latvia_HG3.SG,0.0133,-0.0102,-0.0111,-0.0091,Latvia_HG3
Latvia_MN1.SG,0.0137,-0.0069,-0.0098,-0.0095,Latvia_MN1
Latvia_HG2.SG,0.0139,-0.0092,-0.0113,-0.01,Narva
Donkalnis1,0.0149,-0.0084,-0.0081,-0.0017,Narva
Donkalnis6,0.0148,-0.0074,-0.012,-0.0079,Narva
Donkalnis7,0.0141,-0.0099,-0.0108,-0.0078,Narva
Kivisaare3,0.0134,-0.0087,-0.0103,-0.0103,Narva
Kretuonas1,0.0144,-0.0089,-0.011,-0.0105,Narva
Kretuonas2,0.0146,-0.0091,-0.0116,-0.0107,Narva
Kretuonas4,0.0142,-0.009,-0.012,-0.0057,Narva
Spiginas1,0.0146,-0.0083,-0.012,-0.0101,Narva
Veibri4,0.0132,-0.0113,-0.011,-0.0079,Narva
Olsund,0.0145,-0.0036,-0.0045,-0.0045,Scandinavia_LNBA
I0013,0.0133,-0.0104,-0.0101,-0.0108,SHG
I0011,0.0126,-0.0111,-0.0111,-0.0074,SHG
I0015,0.0128,-0.0111,-0.0108,-0.0104,SHG
I0012,0.0125,-0.0109,-0.0115,-0.0109,SHG
I0014,0.0124,-0.0113,-0.0109,-0.009,SHG
I0017,0.013,-0.0111,-0.0107,-0.0089,SHG
MotalaAA,0.0124,-0.0105,-0.0108,-0.0087,SHG
Ukraine_HG1.SG,0.0123,-0.0083,-0.0086,-0.0071,Ukraine_HG1
Ukraine_N1.SG,0.0125,-0.0114,-0.0087,-0.0084,Ukraine_N1
Ajvide52.SG,0.0145,-0.0043,-0.0045,-0.0086,PWC_Sweden_NHG.SG
Ajvide53.SG,0.014,-0.0063,-0.0086,-0.0042,PWC_Sweden_NHG.SG
Ajvide58.SG,0.014,-0.0062,-0.0073,-0.0091,PWC_Sweden_NHG.SG
Ajvide59.SG,0.0186,9e-4,-0.0043,-0.0044,PWC_Sweden_NHG.SG
Ajvide70.SG,0.0152,-0.0066,-0.0061,-0.0081,PWC_Sweden_NHG.SG
Ire8.SG,0.015,-0.003,-0.0047,-0.0098,PWC_Sweden_NHG.SG
Gokhem2.SG,0.019,0.0034,-5e-4,-0.0012,TRB_Sweden_MN.SG
Gokhem4.SG,0.0187,1e-4,-0.002,-0.005,TRB_Sweden_MN.SG
Gokhem5.SG,0.0192,0.0016,5e-4,-0.0042,TRB_Sweden_MN.SG
Gokhem7.SG,0.0201,0.0032,-0.0021,-0.0016,TRB_Sweden_MN.SG
StoraForvar11.SG,0.0153,-0.0068,-0.0062,-0.0061,Sweden_HG.SG
Kvarlov5164,0.018,0.0023,-0.002,-8e-4,EN_TRB
